Date,Open,High,Low,Close,Tickvol,Vol,Spread
2018.01.02,15.89,16.21,15.88,16.21,12154,4487900,1
2018.01.03,16.13,16.53,16.10,16.42,18443,9782100,1
2018.01.04,16.53,16.74,16.49,16.56,14497,6804400,1
2018.01.05,16.55,16.70,16.46,16.69,9633,4646500,1
2018.01.08,16.50,16.95,16.47,16.95,10632,4763400,1
2018.01.09,16.89,17.09,16.85,16.95,13829,6570100,1
2018.01.10,16.84,16.94,16.61,16.63,9233,4720000,1
2018.01.11,16.73,17.09,16.66,17.04,11524,10075000,1
2018.01.12,16.93,17.22,16.86,17.17,9309,5516100,1
2018.01.15,17.13,17.35,17.13,17.27,3793,2308600,1
2018.01.16,17.26,17.71,17.24,17.58,13740,7189900,1
2018.01.17,17.70,18.21,17.64,18.21,14432,6517400,1
2018.01.18,18.21,18.39,17.89,18.18,9615,8160700,1
2018.01.19,18.24,18.35,17.98,18.06,5354,4134700,1
2018.01.22,17.97,18.31,17.97,18.25,10318,7741500,1
2018.01.23,18.15,18.26,17.90,18.14,12101,8463000,1
2018.01.24,18.26,19.60,18.24,19.30,21026,24306600,1
2018.01.26,19.67,20.36,19.17,20.31,27622,16923900,1
2018.01.29,20.04,20.52,19.79,20.31,19288,11910900,1
2018.01.30,20.14,20.20,19.48,19.81,15297,19950900,1
2018.01.31,20.10,20.25,19.92,19.92,13305,9513700,1
2018.02.01,19.92,20.74,19.84,20.70,20201,12612400,1
2018.02.02,20.35,20.69,20.04,20.15,15234,6797200,1
2018.02.05,19.90,20.12,19.24,19.24,12309,8990500,1
2018.02.06,18.79,20.21,18.76,20.21,39652,17296600,1
2018.02.07,20.20,20.43,19.51,19.63,17877,10548700,1
2018.02.08,19.65,19.85,18.96,19.04,13015,7259400,1
2018.02.09,19.06,19.45,18.40,18.79,21589,12824000,1
2018.02.14,18.99,19.26,18.82,19.06,13808,10315000,1
2018.02.15,19.34,19.45,19.05,19.39,20157,8292900,1
2018.02.16,19.64,19.69,19.28,19.38,16077,7112100,1
2018.02.19,19.51,19.96,19.48,19.92,8292,2960300,1
2018.02.20,19.87,20.44,19.67,20.28,18147,17772400,1
2018.02.21,20.28,20.61,20.06,20.06,20921,11021200,1
2018.02.22,20.12,20.82,20.12,20.65,15941,8351500,1
2018.02.23,20.77,21.29,20.69,21.19,21611,13092500,1
2018.02.26,21.50,21.80,21.38,21.68,34447,15717800,1
2018.02.27,21.68,22.09,21.61,21.63,20819,9822200,1
2018.02.28,21.70,21.95,21.37,21.66,18658,35275100,1
2018.03.01,21.56,21.78,21.05,21.30,14647,9470600,1
2018.03.02,20.99,21.70,20.78,21.68,16691,8601300,1
2018.03.05,21.68,22.41,21.62,22.30,13237,8732400,1
2018.03.06,22.55,22.77,22.08,22.15,16251,12387700,1
2018.03.07,22.13,22.18,21.49,21.85,15287,10075800,1
2018.03.08,22.00,22.01,21.54,21.88,9805,5668000,1
2018.03.09,21.95,22.47,21.73,22.45,13412,6779600,1
2018.03.12,22.53,22.65,22.31,22.36,11005,4846900,1
2018.03.13,22.54,22.57,22.06,22.14,10060,5349200,1
2018.03.14,22.36,22.39,21.99,22.09,9308,6288900,1
2018.03.15,21.89,22.10,21.52,21.63,24314,19408000,1
2018.03.16,21.75,22.04,21.56,21.86,19740,22990300,1
2018.03.19,21.47,21.67,21.13,21.13,18282,6876700,1
2018.03.20,21.26,21.65,21.26,21.41,12926,6239900,1
2018.03.21,21.44,22.32,21.37,22.23,17770,9398600,1
2018.03.22,22.13,22.38,21.86,22.10,15523,9459900,1
2018.03.23,21.96,22.53,21.90,22.18,13785,8199400,1
2018.03.26,22.53,22.64,22.09,22.37,9007,5602300,1
2018.03.27,22.45,22.56,21.68,21.81,10918,6944500,1
2018.03.28,21.69,21.85,21.38,21.54,10085,4411600,1
2018.03.29,21.53,21.97,21.53,21.85,13152,7781300,1
2018.04.02,21.67,21.90,21.10,21.27,11056,5527700,1
2018.04.03,21.51,21.60,21.19,21.33,8219,5159200,1
2018.04.04,20.85,21.34,20.75,21.25,13295,10396100,1
2018.04.05,21.80,22.38,21.78,21.83,20303,15257300,1
2018.04.06,21.75,22.06,21.64,22.06,12904,7983900,1
2018.04.09,22.28,22.28,21.37,21.42,14263,7316400,1
2018.04.10,21.72,22.42,21.67,22.26,10174,6171200,1
2018.04.11,22.17,22.86,22.02,22.78,9617,6057600,1
2018.04.12,22.78,22.91,22.66,22.82,6532,5036000,1
2018.04.13,22.73,22.81,22.10,22.20,18059,9950300,1
2018.04.16,22.18,22.21,21.39,21.41,13694,10160900,1
2018.04.17,21.55,21.86,21.35,21.80,10745,4876800,1
2018.04.18,22.14,22.64,21.79,22.52,18695,8840800,1
2018.04.19,22.74,23.06,22.55,22.80,14849,7314600,1
2018.04.20,22.66,22.96,22.40,22.85,10217,6105700,1
2018.04.23,22.68,22.80,22.28,22.78,13334,6479500,1
2018.04.24,22.92,23.06,22.47,22.70,11093,6553500,1
2018.04.25,22.39,22.39,21.80,21.98,13663,8106200,1
2018.04.26,22.30,22.87,22.21,22.87,11193,9169700,1
2018.04.27,22.87,23.20,22.86,22.94,10829,5070700,1
2018.04.30,22.91,23.17,22.80,23.04,8194,4765300,1
2018.05.02,22.59,23.19,22.55,22.98,15745,8091700,1
2018.05.03,22.82,22.96,22.36,22.74,15245,9901900,1
2018.05.04,22.66,22.83,22.35,22.35,15448,19354100,1
2018.05.07,22.56,23.62,22.55,23.14,17105,11228100,1
2018.05.08,23.48,23.64,22.74,23.14,18169,12894200,1
2018.05.09,23.55,25.61,23.52,25.46,26142,29018900,1
2018.05.10,25.86,27.41,25.66,26.98,39843,21049900,1
2018.05.11,27.02,27.92,26.93,27.08,21837,16223600,1
2018.05.14,27.36,28.60,27.36,28.20,24299,16152100,1
2018.05.15,28.31,28.96,27.99,28.91,26791,19104800,1
2018.05.16,29.00,29.75,28.91,29.59,22881,11044700,1
2018.05.17,29.60,29.70,27.99,28.26,32257,23975800,1
2018.05.18,27.60,28.81,27.34,28.20,30573,17011500,1
2018.05.21,28.59,28.82,27.17,27.26,23879,15191700,1
2018.05.22,27.22,27.29,26.37,26.62,33571,19128600,1
2018.05.23,26.22,26.56,25.44,25.44,22394,12596000,1
2018.05.24,22.39,22.88,21.55,21.73,63272,36048100,1
2018.05.25,22.31,22.87,21.45,21.58,43292,25321300,1
2018.05.28,20.89,20.89,18.48,18.54,48267,15921600,1
2018.05.29,19.67,21.22,19.23,20.84,88192,31594400,1
2018.05.30,20.13,21.63,19.86,20.79,49108,28842800,1
2018.06.01,21.17,21.43,16.16,17.69,49328,29821100,1
2018.06.04,18.64,19.31,18.59,18.72,41833,21040200,1
2018.06.05,18.71,19.06,18.09,18.16,20336,12582400,1
2018.06.06,17.99,18.29,17.62,18.05,32014,17377000,1
2018.06.07,17.79,17.98,17.09,17.73,46653,28741800,1
2018.06.08,17.60,17.98,16.74,16.86,31651,22038900,1
2018.06.11,17.14,17.42,16.78,17.23,23711,13151700,1
2018.06.12,17.18,17.41,16.94,17.09,35594,13605100,1
2018.06.13,17.12,17.13,16.28,16.85,26205,13577400,1
2018.06.14,17.05,17.12,16.64,16.84,17567,13303700,1
2018.06.15,16.82,16.84,16.14,16.68,31088,24122300,1
2018.06.18,16.43,16.52,16.12,16.12,21138,10573800,1
2018.06.19,15.91,17.16,15.83,16.72,32293,23663600,1
2018.06.20,17.18,17.71,17.05,17.41,26277,15720400,1
2018.06.21,17.35,17.56,16.42,16.54,15691,12261100,1
2018.06.22,16.59,17.00,16.44,16.64,9038,7235000,1
2018.06.25,16.74,17.06,16.45,16.95,9995,9516500,1
2018.06.26,17.15,17.36,16.73,17.35,12103,8764000,1
2018.06.27,17.42,18.17,17.21,17.82,26634,12340100,1
2018.06.28,17.93,18.06,17.53,17.72,20922,13621700,1
2018.06.29,17.80,18.30,17.79,18.19,14108,9574400,1
2018.07.02,17.89,18.47,17.89,18.44,8930,15248200,1
2018.07.03,18.61,18.93,18.43,18.50,15506,7899300,1
2018.07.04,18.27,19.49,18.17,19.40,12553,5218700,1
2018.07.05,19.50,19.66,18.47,18.82,22662,13179400,1
2018.07.06,18.82,19.10,18.62,18.94,8837,4635900,1
2018.07.10,19.26,19.45,18.72,18.91,12783,7549300,1
2018.07.11,18.66,19.40,18.60,18.76,13966,12023900,1
2018.07.12,18.82,19.36,18.80,19.30,11618,8092500,1
2018.07.13,19.31,19.37,19.08,19.28,8616,7718000,1
2018.07.16,19.23,19.29,18.74,19.09,11381,7354100,1
2018.07.17,18.97,19.78,18.97,19.73,12813,6760400,1
2018.07.18,19.67,19.81,19.21,19.35,8477,7495100,1
2018.07.19,19.16,19.57,19.04,19.57,7707,6086300,1
2018.07.20,20.22,20.40,19.87,20.07,24352,22692100,1
2018.07.23,20.19,20.28,19.87,20.16,6153,3914100,1
2018.07.24,20.31,20.81,20.25,20.52,11992,6104700,1
2018.07.25,20.72,20.79,20.40,20.78,13516,6564300,1
2018.07.26,20.62,20.69,20.20,20.25,9282,6502900,1
2018.07.27,20.29,20.81,20.29,20.70,7015,4485200,1
2018.07.30,20.80,20.98,20.40,20.67,8524,7916200,1
2018.07.31,20.49,20.70,20.12,20.55,8740,4774400,1
2018.08.01,20.43,20.68,20.31,20.68,12223,5029000,1
2018.08.02,20.64,21.29,20.57,21.02,11114,7439600,1
2018.08.03,21.78,22.33,21.64,21.75,19433,12352700,1
2018.08.06,21.76,22.15,21.72,21.83,7060,3628000,1
2018.08.07,22.11,22.15,21.47,21.74,25690,11396200,1
2018.08.08,21.78,22.00,21.28,21.30,12185,8659300,1
2018.08.09,21.41,21.52,20.93,21.32,16612,7930000,1
2018.08.10,21.01,21.16,20.64,20.76,21078,11163800,1
2018.08.13,20.67,21.09,20.50,20.99,11492,9046400,1
2018.08.14,21.25,21.33,20.75,20.89,10091,5389200,1
2018.08.15,20.61,20.66,20.07,20.07,18240,12002000,1
2018.08.16,20.23,20.31,19.82,19.98,10864,6002400,1
2018.08.17,19.96,19.96,19.59,19.66,19129,10052500,1
2018.08.20,19.58,19.74,19.39,19.71,14244,7552200,1
2018.08.21,19.61,19.86,19.22,19.38,20508,13729400,1
2018.08.22,19.23,20.02,19.23,19.96,11328,10211800,1
2018.08.23,20.11,20.11,19.60,19.68,7483,7812700,1
2018.08.24,19.99,20.16,19.65,19.80,8383,6470500,1
2018.08.27,19.96,20.14,19.72,20.13,6779,6133000,1
2018.08.28,20.04,20.30,19.91,19.94,9231,6814000,1
2018.08.29,20.08,20.99,20.08,20.81,20984,13233900,1
2018.08.30,20.73,21.11,20.22,20.35,19347,10734800,1
2018.08.31,20.41,20.90,20.41,20.72,17787,20448100,1
2018.09.03,20.63,20.63,20.16,20.42,8690,3710200,1
2018.09.04,20.48,20.62,20.20,20.20,20527,8421300,1
2018.09.05,20.20,20.56,19.89,20.40,13386,10014700,1
2018.09.06,20.68,20.80,20.23,20.57,10710,7528100,1
2018.09.10,20.93,21.26,20.73,20.84,12950,10448000,1
2018.09.11,20.42,20.65,20.14,20.26,23019,17487200,1
2018.09.12,20.50,21.00,20.38,20.80,7976,9108300,1
2018.09.13,20.85,20.93,20.44,20.51,12011,6501000,1
2018.09.14,20.55,20.80,20.31,20.65,15781,7638900,1
2018.09.17,20.60,21.17,20.51,21.09,9630,7364800,1
2018.09.18,21.04,21.89,21.03,21.85,21020,9064700,1
2018.09.19,21.59,22.04,21.48,21.73,10639,7303600,1
2018.09.20,22.01,22.08,21.47,21.58,6248,4762100,1
2018.09.21,21.86,22.05,21.65,21.84,15284,13879300,1
2018.09.24,21.87,22.25,21.71,21.73,9075,5641200,1
2018.09.25,21.34,21.96,21.34,21.84,10254,6873900,1
2018.09.26,21.98,22.14,21.67,21.93,12811,7418400,1
2018.09.27,22.04,23.00,22.04,23.00,27798,15826600,1
2018.09.28,22.75,23.39,22.59,22.74,10510,10965600,1
2018.10.01,22.84,23.06,22.40,22.70,7115,5604100,1
2018.10.02,23.61,24.38,23.49,24.24,53441,27912400,1
2018.10.03,26.30,26.77,24.63,24.87,32164,27676300,1
2018.10.04,24.71,25.64,24.35,25.14,16662,13267100,1
2018.10.05,25.46,25.76,24.87,25.04,15716,12349500,1
2018.10.08,27.93,28.07,26.62,27.42,47081,32921300,1
2018.10.09,27.24,28.00,26.91,27.93,22401,14867700,1
2018.10.10,27.57,27.75,26.66,26.89,17304,10244200,1
2018.10.11,27.17,27.44,26.19,26.40,18289,14501700,1
2018.10.15,27.05,27.30,26.64,27.01,15360,14755700,1
2018.10.16,27.36,27.99,27.35,27.99,16726,8863000,1
2018.10.17,27.73,27.92,27.51,27.81,12123,8827200,1
2018.10.18,27.62,27.71,26.87,26.91,10785,7209700,1
2018.10.19,27.41,27.41,26.95,27.19,8250,6314900,1
2018.10.22,27.43,27.95,27.28,27.92,9533,6779900,1
2018.10.23,27.47,27.64,27.02,27.39,18283,9693700,1
2018.10.24,27.48,27.95,26.60,26.60,15635,10955000,1
2018.10.25,27.05,27.52,26.52,27.16,17324,11432600,1
2018.10.26,27.39,28.18,26.79,28.18,27148,17925700,1
2018.10.29,29.21,29.36,26.85,27.17,40714,25957900,1
2018.10.30,27.45,28.67,27.14,28.67,33617,22091300,1
2018.10.31,28.90,29.12,27.96,28.48,18412,14638200,1
2018.11.01,28.54,28.73,27.73,27.97,16322,10629000,1
2018.11.05,28.09,28.79,27.97,28.79,14267,9032400,1
2018.11.06,28.14,29.06,27.75,28.05,16595,10465900,1
2018.11.07,28.51,28.52,27.18,27.43,17772,12060400,1
2018.11.08,27.90,28.12,26.53,26.53,13998,9404600,1
2018.11.09,26.41,26.77,25.67,26.42,16748,8957100,1
2018.11.12,26.46,26.88,26.24,26.29,11840,8284100,1
2018.11.13,26.29,26.30,24.84,25.08,14220,10117700,1
2018.11.14,25.08,25.69,24.77,25.54,18227,11583900,1
2018.11.16,25.83,26.40,25.64,26.35,16846,10893700,1
2018.11.19,26.14,26.77,25.86,26.33,13680,8079500,1
2018.11.21,25.42,25.83,25.08,25.72,18904,12110400,1
2018.11.22,25.94,25.94,25.49,25.75,7934,4362200,1
2018.11.23,25.49,25.50,24.54,25.15,25405,18829500,1
2018.11.26,25.61,25.83,25.11,25.54,24547,19455500,1
2018.11.27,25.50,26.58,25.41,26.40,28147,14957300,1
2018.11.28,26.44,26.73,25.60,26.07,29219,19562600,1
2018.11.29,25.62,26.37,25.53,26.24,18638,9197300,1
2018.11.30,25.92,26.71,25.91,26.51,14447,11760000,1
2018.12.03,27.33,27.68,27.05,27.26,18051,21530900,1
2018.12.04,27.33,27.70,26.60,26.78,19189,13819400,1
2018.12.05,26.77,27.03,26.35,26.94,8620,4388900,1
2018.12.06,26.40,26.48,25.49,25.82,18349,11518400,1
2018.12.07,25.87,26.93,25.63,26.24,18060,13693900,1
2018.12.10,26.24,26.24,24.94,24.94,18787,12041300,1
2018.12.11,25.53,25.57,24.54,24.78,17784,11871900,1
2018.12.12,25.35,25.39,24.75,24.87,18890,10773000,1
2018.12.13,24.70,25.07,24.56,25.00,11407,5283600,1
2018.12.14,24.59,25.12,24.58,24.81,13217,6460800,1
2018.12.17,24.89,25.08,24.51,24.55,11869,6880500,1
2018.12.18,24.54,24.54,23.72,23.72,13750,9639000,1
2018.12.19,23.93,24.30,23.03,23.33,39047,30190000,1
2018.12.20,23.28,23.47,22.64,22.77,21269,12955700,1
2018.12.21,22.75,23.42,22.48,22.78,22287,18462300,1
2018.12.26,22.30,23.20,22.02,23.20,28322,12851100,1
2018.12.27,23.18,23.49,22.79,23.07,19377,10534700,1
2018.12.28,23.39,24.20,23.38,23.98,13979,9543500,1
2019.01.02,23.99,25.44,23.69,25.16,20857,14725300,1
2019.01.03,25.16,25.89,24.81,25.68,19143,12766200,1
2019.01.04,25.71,26.02,25.55,25.97,21350,10848500,1
2019.01.07,26.02,27.47,26.01,26.81,22826,16164400,1
2019.01.08,27.05,27.16,26.54,26.67,28292,12562900,1
2019.01.09,26.91,27.36,26.91,27.21,23606,9306000,1
2019.01.10,27.12,27.17,26.76,27.07,16807,7677100,1
2019.01.11,26.99,26.99,26.67,26.90,14101,6481900,1
2019.01.14,26.70,27.09,26.54,26.81,11426,6240300,1
2019.01.15,26.76,27.09,26.58,26.72,10069,6349600,1
2019.01.16,26.72,26.94,26.52,26.94,15507,6432700,1
2019.01.17,26.81,27.38,26.67,27.17,16294,6418400,1
2019.01.18,27.37,27.66,27.23,27.52,16070,8168500,1
2019.01.21,27.31,27.66,27.12,27.65,9672,3904200,1
2019.01.22,27.54,27.56,27.06,27.23,13445,6692600,1
2019.01.23,27.38,27.73,27.27,27.52,14507,6083000,1
2019.01.24,27.52,27.81,27.35,27.81,12652,7013000,1
2019.01.28,27.77,28.06,26.73,26.83,25182,17030300,1
2019.01.29,27.10,27.75,27.10,27.41,11373,7315000,1
2019.01.30,27.75,28.04,27.61,27.79,15517,8684300,1
2019.01.31,28.04,28.29,27.88,27.90,23637,12127100,1
2019.02.01,27.82,28.37,27.66,28.34,13860,7368400,1
2019.02.04,28.14,28.81,28.10,28.66,15811,10513600,1
2019.02.05,28.66,29.00,28.41,28.84,11576,5306500,1
2019.02.06,28.57,28.77,28.25,28.33,15170,8922400,1
2019.02.07,28.43,28.88,27.54,27.83,18708,9480800,1
2019.02.08,27.53,27.94,27.26,27.63,12025,8255700,1
2019.02.11,27.61,27.64,27.15,27.28,8767,4533600,1
2019.02.12,27.85,28.36,27.85,28.26,13688,9929300,1
2019.02.13,28.54,29.09,28.37,28.93,28548,11301000,1
2019.02.14,28.95,29.58,28.85,29.54,15266,8430200,1
2019.02.15,29.36,29.68,29.16,29.31,10134,6468200,1
2019.02.18,29.08,29.24,28.88,28.97,10733,4272700,1
2019.02.19,29.13,29.74,29.06,29.51,13138,7505000,1
2019.02.20,29.59,29.96,29.14,29.51,20772,11134900,1
2019.02.21,29.69,29.84,29.26,29.67,13629,6083800,1
2019.02.22,29.92,30.01,29.24,29.50,13037,7140300,1
2019.02.25,29.37,29.45,28.74,28.79,23810,8856200,1
2019.02.26,28.84,29.35,28.65,28.80,17473,7813200,1
2019.02.27,29.01,29.35,28.72,28.95,13880,9759400,1
2019.02.28,29.45,29.50,27.63,28.19,54003,31944900,1
2019.03.01,28.24,28.39,27.56,27.56,15382,7335200,1
2019.03.06,27.23,27.83,27.23,27.83,11517,5745700,1
2019.03.07,27.99,27.99,27.53,27.58,11337,6467900,1
2019.03.08,27.23,27.49,26.94,27.38,16028,9769300,1
2019.03.11,27.73,29.01,27.39,28.92,16663,13632400,1
2019.03.12,28.91,29.13,28.44,28.44,9973,8353900,1
2019.03.13,28.57,29.50,28.42,29.21,21120,13028100,1
2019.03.14,29.26,29.73,29.26,29.54,20726,10488100,1
2019.03.15,29.53,29.99,29.45,29.85,26686,16954300,1
2019.03.18,29.89,30.66,29.87,30.45,28924,12376200,1
2019.03.19,30.67,31.39,30.57,30.93,36389,12149500,1
2019.03.20,30.86,31.81,30.82,31.12,20191,13041400,1
2019.03.21,30.87,31.09,29.99,30.50,31168,18731600,1
2019.03.22,29.89,30.11,29.05,29.05,32422,19604200,1
2019.03.25,28.90,29.41,28.68,28.93,18927,12636200,1
2019.03.26,29.26,30.14,29.24,30.14,20003,13632100,1
2019.03.27,29.59,29.69,28.74,28.74,18224,12079400,1
2019.03.28,28.61,29.42,28.38,29.23,21982,12763000,1
2019.03.29,29.58,29.80,29.22,29.41,15743,8897100,1
2019.04.01,29.66,29.82,29.01,29.14,18051,12598100,1
2019.04.02,29.27,29.51,28.80,29.26,14245,7767400,1
2019.04.03,29.39,29.51,28.65,28.65,17055,12432200,1
2019.04.04,28.96,29.65,28.56,29.59,24236,9855100,1
2019.04.05,29.69,30.36,29.33,30.26,17558,9861000,1
2019.04.08,30.38,31.20,30.38,30.91,12002,6974500,1
2019.04.09,30.84,30.93,30.34,30.63,13259,7170300,1
2019.04.10,31.09,31.15,30.42,30.46,10341,5662100,1
2019.04.11,30.39,30.47,29.81,30.07,13891,9031900,1
2019.04.12,28.59,28.81,27.39,27.50,35387,23824700,1
2019.04.15,28.13,28.13,27.27,27.48,31518,12399000,1
2019.04.16,27.56,28.67,27.30,28.46,20046,11298700,1
2019.04.17,28.65,28.91,27.95,28.49,14787,17080800,1
2019.04.18,28.93,29.44,28.77,29.04,15772,15737500,1
2019.04.22,29.08,29.47,28.93,29.14,14814,8890400,1
2019.04.23,29.45,29.73,29.22,29.38,11289,6229300,1
2019.04.24,29.38,29.54,28.51,28.87,13527,7458300,1
2019.04.25,28.64,29.30,28.61,28.94,13493,7707300,1
2019.04.26,28.85,28.96,28.36,28.69,10415,5738500,1
2019.04.29,29.06,29.06,28.56,28.56,8479,5407400,1
2019.04.30,28.67,28.96,28.17,28.28,14816,16528100,1
2019.05.02,28.04,28.14,27.67,27.86,13761,7019900,1
2019.05.03,28.18,28.34,27.90,27.90,9300,5474200,1
2019.05.06,27.60,27.89,27.44,27.89,8369,5505500,1
2019.05.07,27.61,27.72,27.14,27.58,14193,13478400,1
2019.05.08,27.64,28.76,27.49,28.53,25657,11676200,1
2019.05.09,28.08,28.14,27.58,27.72,25126,11769400,1
2019.05.10,27.73,27.77,27.19,27.71,18884,6799700,1
2019.05.13,27.10,27.42,26.81,26.91,15435,9979300,1
2019.05.14,27.08,27.22,26.81,26.92,12600,5659200,1
2019.05.15,26.54,26.80,26.47,26.73,14851,10416200,1
2019.05.16,26.59,27.10,26.22,26.22,16392,10535600,1
2019.05.17,25.99,26.60,25.89,26.02,23760,13464700,1
2019.05.20,26.09,26.54,25.87,26.50,12201,5337700,1
2019.05.21,26.67,27.19,26.44,27.19,12970,8176100,1
2019.05.22,27.24,27.36,26.74,27.24,17092,6335800,1
2019.05.23,26.96,27.02,26.29,26.77,10631,6837000,1
2019.05.24,27.05,27.20,26.77,26.82,9540,4500800,1
2019.05.27,27.03,27.38,27.00,27.21,8066,3165000,1
2019.05.28,27.09,27.58,26.97,27.58,14486,15336300,1
2019.05.29,27.33,27.58,26.98,27.36,12974,6379500,1
2019.05.30,27.41,27.78,27.16,27.32,15028,10112200,1
2019.05.31,27.10,27.44,26.72,26.73,18563,10738300,1
2019.06.03,26.98,27.67,26.96,27.32,20158,11153900,1
2019.06.04,27.74,27.74,27.25,27.48,11469,6316200,1
2019.06.05,27.53,27.62,26.74,27.09,9528,6484700,1
2019.06.06,27.46,27.82,27.00,27.52,10137,5865600,1
2019.06.07,27.92,28.32,27.62,28.26,10914,11911800,1
2019.06.10,28.12,28.26,27.65,27.79,16983,11761700,1
2019.06.11,27.91,28.50,27.85,28.36,20353,13715700,1
2019.06.12,28.17,28.30,27.71,27.94,13760,8324800,1
2019.06.13,28.41,28.58,28.22,28.32,15927,7366900,1
2019.06.14,28.07,28.58,28.07,28.58,17208,15225100,1
2019.06.17,28.59,28.93,28.33,28.55,13147,5826000,1
2019.06.18,28.82,29.09,28.66,28.98,15843,7058200,1
2019.06.19,28.88,29.20,28.77,29.20,13611,8184900,1
2019.06.21,29.46,30.33,29.46,30.10,25560,15399700,1
2019.06.24,30.19,30.30,29.91,29.98,13994,8694900,1
2019.06.25,29.83,29.86,28.95,29.07,17104,15139900,1
2019.06.26,28.70,29.28,28.64,28.93,52732,67487300,1
2019.06.27,28.65,28.77,28.01,28.30,39383,39847500,1
2019.06.28,28.51,28.83,28.13,28.42,20906,15145900,1
2019.07.01,28.82,29.02,28.22,28.33,25713,19695600,1
2019.07.02,28.27,28.41,27.65,27.90,39830,19639600,1
2019.07.03,28.04,28.29,27.86,28.19,18556,7997700,1
2019.07.04,28.41,28.75,28.41,28.56,14910,6368300,1
2019.07.05,28.42,28.69,28.23,28.43,23965,9339700,1
2019.07.08,28.48,28.98,28.41,28.98,12025,8592900,1
2019.07.10,29.17,29.33,28.97,29.09,33206,22089000,1
2019.07.11,29.19,29.73,29.10,29.64,23466,13553300,1
2019.07.12,29.71,29.99,29.58,29.83,15625,9996000,1
2019.07.15,29.93,29.93,29.31,29.32,8228,6421900,1
2019.07.16,29.25,29.49,28.78,28.97,10879,7591300,1
2019.07.17,29.08,29.09,28.64,28.78,9532,6442800,1
2019.07.18,28.88,28.88,28.32,28.47,12771,8886900,1
2019.07.19,28.49,28.58,28.25,28.46,8916,7496300,1
2019.07.22,28.59,28.71,28.32,28.50,7486,4499100,1
2019.07.23,28.54,28.76,28.37,28.64,12190,8935300,1
2019.07.24,28.68,28.87,28.36,28.41,16563,7484800,1
2019.07.25,28.51,28.59,27.76,27.89,14088,5944100,1
2019.07.26,27.83,27.83,26.90,27.02,21063,12586400,1
2019.07.29,27.02,27.38,26.84,27.35,10385,6054600,1
2019.07.30,27.16,27.51,27.04,27.17,11474,6556600,1
2019.07.31,27.46,27.47,26.95,27.26,17555,8341300,1
2019.08.01,27.50,27.65,26.38,26.84,24637,11648400,1
2019.08.02,27.64,28.16,27.35,27.66,24775,13318400,1
2019.08.05,27.07,27.16,26.45,26.51,20818,12176000,1
2019.08.06,26.90,27.19,26.73,26.96,14787,11300300,1
2019.08.07,26.53,26.81,26.00,26.70,22043,19150500,1
2019.08.08,27.24,27.34,26.83,27.34,18743,8032900,1
2019.08.09,27.31,27.60,27.06,27.10,7609,5563600,1
2019.08.12,26.70,26.85,26.30,26.37,16447,6677700,1
2019.08.13,26.21,26.94,26.00,26.64,16107,10383500,1
2019.08.14,26.20,26.31,25.67,25.82,28989,14744200,1
2019.08.15,25.85,25.91,25.06,25.25,19103,12129200,1
2019.08.16,25.73,25.78,24.98,25.13,21630,10941100,1
2019.08.19,25.51,25.74,25.25,25.47,16230,9930700,1
2019.08.20,25.49,25.59,25.07,25.24,13967,6615500,1
2019.08.21,25.62,27.11,25.44,26.58,29426,18326700,1
2019.08.22,26.68,26.92,26.23,26.32,18881,10499300,1
2019.08.23,25.95,26.36,25.38,25.49,19364,9263400,1
2019.08.26,25.62,25.81,25.08,25.16,20913,11423900,1
2019.08.27,25.49,25.99,25.19,25.64,23451,14764200,1
2019.08.28,25.53,26.05,25.53,25.82,10402,6271800,1
2019.08.29,26.10,26.79,26.01,26.79,13772,7828500,1
2019.08.30,26.84,27.00,26.45,26.93,13552,12141300,1
2019.09.02,26.72,27.02,26.65,26.65,10968,4343300,1
2019.09.03,26.35,26.91,26.30,26.78,13468,9983400,1
2019.09.04,27.19,27.61,27.17,27.46,11534,6993400,1
2019.09.05,27.65,28.03,27.57,27.63,10085,6859700,1
2019.09.06,27.66,28.04,27.44,27.81,7887,4850500,1
2019.09.09,28.09,28.48,27.86,28.36,10689,6402800,1
2019.09.10,28.52,28.87,28.25,28.58,15530,8013200,1
2019.09.11,28.77,28.85,28.06,28.07,14795,10125800,1
2019.09.12,28.15,28.56,27.86,28.42,13043,9009900,1
2019.09.13,28.49,28.71,28.26,28.26,8051,3880800,1
2019.09.16,29.67,29.82,29.07,29.53,19170,14013900,1
2019.09.17,29.14,29.27,28.57,29.07,12988,7344000,1
2019.09.18,28.77,28.91,28.60,28.60,9002,5014200,1
2019.09.19,29.25,29.31,28.80,28.81,10205,5673900,1
2019.09.20,28.98,29.00,28.66,28.88,11466,16844300,1
2019.09.23,28.75,29.18,28.67,29.01,7926,5708600,1
2019.09.24,28.98,29.07,28.57,28.64,9266,4506500,1
2019.09.25,28.53,28.70,28.16,28.67,10837,4478400,1
2019.09.26,28.68,29.02,28.58,28.91,10552,4571000,1
2019.09.27,28.87,29.41,28.80,28.98,14982,7036900,1
2019.09.30,29.00,29.00,28.72,28.72,10266,5286700,1
2019.10.01,28.73,28.97,28.43,28.56,13714,8250000,1
2019.10.02,28.22,28.36,27.44,27.53,16390,8716200,1
2019.10.03,27.65,27.74,26.90,27.74,12102,7528300,1
2019.10.04,27.73,27.86,27.06,27.48,13302,9266700,1
2019.10.07,27.27,27.53,26.72,27.06,12677,6940000,1
2019.10.08,27.00,27.37,26.86,26.88,12926,7374700,1
2019.10.09,27.17,27.72,27.06,27.56,12684,7408700,1
2019.10.10,27.58,27.98,27.47,27.69,11022,5526900,1
2019.10.11,27.91,28.40,27.89,28.10,12157,7632200,1
2019.10.14,28.10,28.32,27.78,28.27,6784,4020100,1
2019.10.15,28.29,28.87,28.26,28.65,8024,7172500,1
2019.10.16,28.74,29.07,28.41,29.05,12738,8605400,1
2019.10.17,28.86,29.11,28.55,28.77,9370,6052300,1
2019.10.18,28.87,29.12,28.50,28.53,11749,7766100,1
2019.10.21,28.59,28.91,28.55,28.91,7512,5496700,1
2019.10.22,28.89,29.96,28.89,29.80,15175,11630400,1
2019.10.23,29.73,30.14,29.66,29.94,11572,7447900,1
2019.10.24,30.04,30.23,29.18,29.35,18347,11783900,1
2019.10.25,30.19,30.75,30.04,30.21,20832,13420800,1
2019.10.28,30.20,30.61,30.07,30.44,6967,5241300,1
2019.10.29,30.30,30.92,30.16,30.71,15732,9224700,1
2019.10.30,30.63,31.08,30.34,31.08,16465,9573400,1
2019.10.31,30.87,31.22,30.51,31.15,16453,11817300,1
2019.11.01,31.25,31.92,30.76,31.19,23963,15918500,1
2019.11.04,31.44,31.88,30.99,31.41,24474,20806700,1
2019.11.05,31.41,31.72,30.87,31.01,21886,17111400,1
2019.11.06,31.36,32.06,29.36,30.88,29878,19047600,1
2019.11.07,31.15,32.03,30.75,31.87,22717,13000600,1
2019.11.08,31.37,31.90,31.23,31.35,20891,15833800,1
2019.11.11,31.05,31.68,31.01,31.57,12172,7051900,1
2019.11.12,31.27,31.88,31.14,31.14,15058,9427300,1
2019.11.13,31.14,31.26,30.74,31.02,15697,8492000,1
2019.11.14,31.12,31.13,30.25,30.36,21318,8008700,1
2019.11.18,30.88,30.88,30.32,30.35,13025,9177300,1
2019.11.19,30.50,30.69,29.81,29.92,10151,4934600,1
2019.11.21,30.05,30.72,29.88,30.72,21914,14518600,1
2019.11.22,30.64,31.19,30.42,30.85,13469,8514800,1
2019.11.25,30.78,30.92,30.51,30.66,11406,6650800,1
2019.11.26,30.66,30.73,29.81,30.06,23131,14839500,1
2019.11.27,30.09,30.39,29.87,30.11,14918,5967700,1
2019.11.28,30.16,30.26,29.66,30.25,11235,5085300,1
2019.11.29,30.25,30.31,29.74,29.87,9579,5221800,1
2019.12.02,30.13,30.28,29.73,29.84,10163,6783200,1
2019.12.03,29.95,29.96,29.37,29.75,10264,5238300,1
2019.12.04,29.92,30.11,29.76,30.11,9189,7010400,1
2019.12.05,30.17,30.88,30.00,30.51,14938,7744700,1
2019.12.06,30.64,31.19,30.55,30.71,18029,7020100,1
2019.12.09,30.74,30.97,30.46,30.86,10781,6847500,1
2019.12.10,30.78,31.07,30.56,31.05,8243,4887400,1
2019.12.11,31.18,31.23,30.81,31.06,13110,7466200,1
2019.12.12,31.23,31.58,31.00,31.47,10932,5286800,1
2019.12.13,31.50,31.50,29.88,30.00,55277,36155200,1
2019.12.16,30.14,30.40,29.62,29.77,27463,17089900,1
2019.12.17,29.78,30.30,29.78,30.18,22151,10286000,1
2019.12.18,30.05,31.02,30.03,30.98,18129,25128000,1
2019.12.19,30.77,31.03,30.71,30.93,12188,12399600,1
2019.12.20,30.93,30.94,30.38,30.57,21082,21019800,1
2019.12.23,30.60,31.02,30.48,31.02,14831,8071300,1
2019.12.26,31.02,31.30,31.01,31.30,14529,5414500,1
2019.12.27,31.42,31.57,30.80,30.80,12237,5796000,1
2019.12.30,31.00,31.21,30.55,30.64,9170,5199500,1
2020.01.02,30.94,31.41,30.74,31.41,15892,6660800,1
2020.01.03,31.60,31.82,30.63,30.63,20450,20340400,1
2020.01.06,30.64,31.71,30.43,31.63,29934,17549700,1
2020.01.07,31.59,31.63,31.03,31.20,9135,5480400,1
2020.01.08,31.31,31.36,30.44,30.69,16382,10030200,1
2020.01.09,30.74,30.99,30.48,30.86,29978,15411600,1
2020.01.10,30.89,30.94,30.61,30.74,9630,3867200,1
2020.01.13,30.78,30.89,30.54,30.73,11333,6666500,1
2020.01.14,30.60,30.77,30.11,30.48,16306,6752000,1
2020.01.15,30.26,30.32,29.78,29.80,15270,7113300,1
2020.01.16,29.87,30.00,29.62,29.89,17385,6655700,1
2020.01.17,29.97,30.50,29.97,30.50,15307,13844600,1
2020.01.20,30.35,30.77,30.18,30.62,8018,5121200,1
2020.01.21,30.37,30.49,29.70,29.70,18602,7708800,1
2020.01.22,29.78,29.88,29.54,29.70,16051,11883700,1
2020.01.23,29.49,29.92,28.91,29.90,22796,14887900,1
2020.01.24,29.79,29.99,29.23,29.79,21070,24097600,1
2020.01.27,28.95,29.03,28.27,28.53,32331,12017100,1
2020.01.28,28.91,29.58,28.84,29.20,22588,16360100,1
2020.01.29,29.30,29.61,29.02,29.07,27709,14561200,1
2020.01.30,28.55,29.67,28.51,29.67,35997,13531800,1
2020.01.31,29.23,29.43,28.80,29.06,23531,12101800,1
2020.02.03,29.07,29.31,28.74,28.74,22978,8801500,1
2020.02.04,29.21,29.91,29.14,29.44,45886,18750100,1
2020.02.05,29.94,30.08,29.19,29.19,77769,33161700,1
2020.02.06,29.59,30.63,29.25,29.97,127942,91900100,1
2020.02.07,29.73,30.54,29.61,30.12,86190,60858300,1
2020.02.10,30.12,30.32,29.55,30.24,89140,137410600,1
2020.02.11,30.41,30.89,30.23,30.65,41528,45207900,1
2020.02.12,30.99,31.29,30.70,31.17,48756,38797800,1
2020.02.13,30.78,31.16,30.36,30.57,33652,17443900,1
2020.02.14,30.69,30.76,30.15,30.28,29784,13541400,1
2020.02.17,30.49,30.57,30.16,30.35,17518,8665500,1
2020.02.18,30.00,30.69,29.76,30.58,32877,13297300,1
2020.02.19,30.63,31.26,30.55,31.19,20729,11667500,1
2020.02.20,31.47,31.60,30.30,30.40,58404,23046400,1
2020.02.21,30.17,30.17,29.26,29.54,51057,18867600,1
2020.02.26,27.49,27.57,26.49,26.60,59359,38080200,1
2020.02.27,26.25,26.85,25.17,25.69,106643,40110500,1
2020.02.28,25.48,26.00,24.82,26.00,74010,38536600,1
2020.03.02,26.00,27.08,25.93,26.91,56209,26816900,1
2020.03.03,26.85,27.63,25.95,26.33,74153,35873100,1
2020.03.04,27.12,27.19,26.44,27.02,38945,25863400,1
2020.03.05,26.52,26.79,25.10,25.67,65077,27389300,1
2020.03.06,24.59,24.59,22.71,23.04,74830,56848700,1
2020.03.09,18.19,18.66,15.74,16.20,189730,109083600,1
2020.03.10,18.62,18.91,16.37,17.58,104649,82960400,1
2020.03.11,16.74,17.29,14.97,15.67,107034,56288900,1
2020.03.12,13.03,13.26,11.14,12.37,64907,51170600,1
2020.03.13,14.84,15.19,12.57,15.19,104493,59122400,1
2020.03.16,13.40,14.05,12.54,12.57,74619,39537500,1
2020.03.17,13.08,13.51,12.45,12.52,81425,53007100,1
2020.03.18,11.20,11.68,10.05,10.58,93856,73468300,1
2020.03.19,10.53,12.50,10.05,11.92,96341,68109900,1
2020.03.20,12.59,12.90,11.35,11.70,70572,38667500,1
2020.03.23,11.78,11.82,10.94,11.13,60364,29205300,1
2020.03.24,12.10,13.17,11.93,12.90,41520,33630400,1
2020.03.25,12.88,14.40,12.66,13.93,67805,39874300,1
2020.03.26,13.84,14.68,13.33,13.98,63501,39118300,1
2020.03.27,12.74,13.26,12.48,12.48,84992,49734100,1
2020.03.30,12.35,13.04,11.97,12.87,93278,47530900,1
2020.03.31,13.00,14.12,12.96,13.54,70349,46046700,1
2020.04.01,13.02,13.87,12.84,13.61,45229,28492000,1
2020.04.02,14.74,15.95,14.29,14.77,82918,56860500,1
2020.04.03,15.66,15.68,14.18,14.67,67509,38029400,1
2020.04.06,15.37,15.46,14.74,15.46,63367,38344100,1
2020.04.07,16.27,16.60,15.74,15.86,48279,34292700,1
2020.04.08,15.92,17.10,15.84,16.76,40619,29088100,1
2020.04.09,17.26,18.00,15.97,16.14,62527,43875100,1
2020.04.13,16.36,16.65,15.93,16.57,33895,24100800,1
2020.04.14,16.69,16.94,16.24,16.45,36397,19281700,1
2020.04.15,15.66,16.12,15.52,15.91,37441,38319600,1
2020.04.16,16.20,16.26,15.19,15.44,43902,21895200,1
2020.04.17,15.51,16.05,15.25,15.99,37422,24793900,1
2020.04.20,15.30,16.30,15.12,15.85,49798,37077400,1
2020.04.22,15.70,16.43,15.66,16.42,32536,19607300,1
2020.04.23,16.85,17.12,16.36,16.60,33622,19356300,1
2020.04.24,16.37,16.52,14.86,15.39,66243,39484900,1
2020.04.27,15.67,16.20,15.29,16.09,38440,25402200,1
2020.04.28,16.75,17.25,16.38,17.25,34809,23910300,1
2020.04.29,17.72,18.48,17.57,18.19,42286,26839300,1
2020.04.30,17.93,18.37,17.65,17.86,31296,23043700,1
2020.05.04,17.19,17.53,16.99,17.28,32693,17890500,1
2020.05.05,17.73,18.33,17.73,17.88,36081,18636300,1
2020.05.06,17.95,18.02,17.14,17.18,33815,19759000,1
2020.05.07,17.74,17.93,17.39,17.52,56788,32174600,1
2020.05.08,17.91,18.82,17.81,18.72,41167,21037200,1
2020.05.11,18.56,18.99,18.18,18.22,42095,22927100,1
2020.05.12,18.56,18.74,18.07,18.07,36864,20471200,1
2020.05.13,18.15,18.32,17.25,17.36,43923,20580400,1
2020.05.14,17.19,17.19,16.37,16.94,51492,32943300,1
2020.05.15,17.24,18.00,16.95,16.95,53798,34770300,1
2020.05.18,17.95,18.67,17.74,18.60,36083,25718300,1
2020.05.19,18.66,19.01,18.41,18.48,40733,18016500,1
2020.05.20,18.83,19.34,18.83,19.04,29185,14657300,1
2020.05.21,19.23,19.55,18.83,19.10,40529,19450800,1
2020.05.22,18.80,18.93,18.26,18.69,27545,14033200,1
2020.05.25,19.59,19.59,19.35,19.48,17734,6711200,1
2020.05.26,19.96,20.03,19.33,19.68,30860,20419700,1
2020.05.27,19.73,19.89,19.08,19.77,30957,17469200,1
2020.05.28,19.62,20.02,19.45,19.69,25669,14872100,1
2020.05.29,19.46,19.95,19.21,19.95,51376,40526900,1
2020.06.01,19.79,20.25,19.59,20.06,27886,16886800,1
2020.06.02,20.40,20.93,20.20,20.93,27351,16041400,1
2020.06.03,21.41,21.44,21.03,21.12,34447,18693200,1
2020.06.04,21.08,21.66,20.64,21.22,77976,24374900,1
2020.06.05,22.02,22.82,21.84,21.88,40975,26513700,1
2020.06.08,22.34,22.41,21.78,22.36,36026,19696800,1
2020.06.09,21.87,21.97,21.54,21.73,42143,18478100,1
2020.06.10,21.91,21.91,20.95,21.08,53291,26319700,1
2020.06.12,20.16,20.85,19.82,20.34,60677,26485000,1
2020.06.15,19.71,20.86,19.25,20.41,38371,21210700,1
2020.06.16,21.24,21.79,21.01,21.26,43763,22124300,1
2020.06.17,21.37,21.78,21.07,21.31,24929,13637400,1
2020.06.18,21.12,21.74,21.01,21.64,20305,10277000,1
2020.06.19,22.01,22.22,21.20,21.33,37031,23925600,1
2020.06.22,21.53,21.55,20.88,20.94,22796,8749900,1
2020.06.23,21.22,22.09,21.07,21.55,23575,13144300,1
2020.06.24,21.45,21.48,20.67,20.98,18983,10842300,1
2020.06.25,20.91,21.42,20.66,21.42,41058,11889000,1
2020.06.26,21.16,21.47,20.80,20.95,22665,13933800,1
2020.06.29,21.14,21.65,21.01,21.60,18170,10280300,1
2020.06.30,21.23,21.67,20.92,21.39,19782,20072100,1
2020.07.01,21.54,22.00,21.31,21.41,27749,17701900,1
2020.07.02,21.77,21.90,21.52,21.68,16337,13321100,1
2020.07.03,21.59,21.79,21.53,21.54,7634,3098700,1
2020.07.06,22.00,22.53,21.89,22.17,22093,15284600,1
2020.07.07,21.98,22.07,21.78,21.79,23663,9927300,1
2020.07.08,22.02,22.45,21.98,22.33,17078,11674500,1
2020.07.09,22.45,22.54,21.68,21.69,15498,11401500,1
2020.07.10,21.81,22.20,21.64,22.02,14783,8159700,1
2020.07.13,22.19,22.35,21.88,21.88,23980,11027700,1
2020.07.14,21.87,22.81,21.58,22.64,27049,16095400,1
2020.07.15,22.95,23.17,22.67,23.17,31351,12087400,1
2020.07.16,22.96,23.07,22.38,22.63,21988,12188100,1
2020.07.17,22.69,22.92,22.52,22.65,27499,13635000,1
2020.07.20,22.64,22.72,22.33,22.50,19902,11809800,1
2020.07.21,22.88,23.44,22.81,22.97,44484,24489300,1
2020.07.22,22.88,23.05,22.56,22.73,32775,15696700,1
2020.07.23,22.83,22.99,22.46,22.47,38799,15290700,1
2020.07.24,22.51,22.91,22.29,22.56,21313,11099100,1
2020.07.27,22.67,23.07,22.26,22.99,19273,9981800,1
2020.07.28,22.82,23.10,22.55,22.62,17998,9382400,1
2020.07.29,22.78,23.09,22.68,23.05,15416,8989000,1
2020.07.30,22.78,22.86,22.27,22.56,22413,13492100,1
2020.07.31,22.68,23.00,21.85,21.96,44473,25037400,1
2020.08.03,22.22,22.32,21.60,21.61,29883,16530300,1
2020.08.04,21.40,21.93,21.22,21.58,27597,16308300,1
2020.08.05,22.00,23.09,21.96,22.97,48718,44189300,1
2020.08.06,23.00,23.38,22.86,23.05,34036,17452900,1
2020.08.07,22.79,22.85,22.35,22.55,30830,16371100,1
2020.08.10,22.64,23.34,22.39,23.31,28462,16567000,1
2020.08.11,23.47,23.80,22.91,22.91,36744,15106900,1
2020.08.12,23.21,23.44,22.92,23.26,32542,14676900,1
2020.08.13,23.31,23.39,22.44,22.57,28937,11830400,1
2020.08.14,22.54,22.77,22.40,22.49,23297,12210600,1
2020.08.17,22.46,22.63,22.05,22.50,26491,11917400,1
2020.08.18,22.78,23.12,22.59,22.84,22239,13208500,1
2020.08.19,22.83,23.24,22.59,22.74,25151,17216500,1
2020.08.20,22.41,22.78,22.16,22.50,26807,19422800,1
2020.08.21,22.39,22.45,22.08,22.32,27523,12786300,1
2020.08.24,22.61,22.94,22.56,22.77,23346,14920300,1
2020.08.25,22.91,22.97,22.49,22.66,15331,9192400,1
2020.08.26,22.56,22.70,21.87,22.01,22577,12908600,1
2020.08.27,22.07,22.28,21.84,21.91,19968,11851500,1
2020.08.28,22.00,22.35,21.83,22.35,25837,12785300,1
2020.08.31,22.16,22.23,21.59,21.59,21980,19126700,1
2020.09.01,21.91,22.65,21.84,22.59,28052,16479000,1
2020.09.02,22.66,22.84,22.18,22.54,27707,15513700,1
2020.09.03,22.35,22.91,22.25,22.54,51735,25665100,1
2020.09.04,22.54,22.72,22.16,22.56,60729,39454600,1
2020.09.08,22.13,22.14,21.44,21.78,34494,25276000,1
2020.09.09,22.01,22.32,21.96,22.26,36361,16856900,1
2020.09.10,22.07,22.12,21.42,21.42,32779,22959100,1
2020.09.11,21.34,21.61,21.11,21.32,46277,32688700,1
2020.09.14,21.35,21.43,20.81,21.10,39270,17091100,1
2020.09.15,21.44,21.44,20.99,21.15,23922,11650000,1
2020.09.16,21.36,21.56,21.02,21.23,35464,15188200,1
2020.09.17,21.01,21.70,20.99,21.70,33359,19580800,1
2020.09.18,21.46,21.67,21.08,21.22,35109,28572700,1
2020.09.21,20.92,21.05,20.43,20.58,28961,18128500,1
2020.09.22,20.62,20.98,20.46,20.57,25976,16081900,1
2020.09.23,20.57,20.77,20.07,20.07,28710,20188800,1
2020.09.24,20.10,20.52,19.89,20.21,38001,19628100,1
2020.09.25,20.01,20.18,19.73,20.00,19127,10806100,1
2020.09.28,20.16,20.35,19.52,19.52,27293,20854800,1
2020.09.29,19.49,19.61,18.93,18.97,30067,17651400,1
2020.09.30,19.10,19.59,19.10,19.12,34783,22598700,1
2020.10.01,19.15,19.43,18.61,19.30,41162,30107200,1
2020.10.02,19.15,19.15,18.55,18.55,29223,23167900,1
2020.10.05,18.86,19.59,18.73,19.46,30460,25888100,1
2020.10.06,19.86,20.11,19.33,19.33,26151,15987400,1
2020.10.07,19.43,19.46,18.97,19.26,22808,13875000,1
2020.10.08,19.52,19.95,19.31,19.91,22805,25385100,1
2020.10.09,19.77,19.80,19.24,19.26,44912,19480900,1
2020.10.13,19.32,19.51,19.12,19.47,17232,13907900,1
2020.10.14,19.46,19.79,19.35,19.35,19909,13663100,1
2020.10.15,19.01,19.19,18.82,19.14,24847,15886700,1
2020.10.16,19.15,19.15,18.67,18.67,19253,13602300,1
2020.10.19,18.78,19.28,18.64,18.87,30122,16255500,1
2020.10.20,18.92,19.63,18.89,19.52,23191,18765200,1
2020.10.21,19.50,19.64,19.15,19.51,22201,15830700,1
2020.10.22,19.51,20.14,19.37,20.13,24695,19865000,1
2020.10.23,20.17,20.38,19.76,19.82,28873,20467300,1
2020.10.26,19.62,19.83,19.28,19.54,16874,11888200,1
2020.10.27,19.54,19.65,19.13,19.21,23488,15325000,1
2020.10.28,18.74,18.80,18.03,18.03,36241,31028000,1
2020.10.29,17.92,18.80,17.16,18.70,45378,23366800,1
2020.10.30,18.47,18.93,18.32,18.38,33686,19594700,1
2020.11.03,18.91,19.27,18.80,19.10,28661,19668700,1
2020.11.04,19.39,19.47,18.69,19.19,42291,17728100,1
2020.11.05,19.41,19.43,19.11,19.29,22288,11439300,1
2020.11.06,18.99,19.32,18.95,19.22,19076,13781400,1
2020.11.09,20.32,21.74,20.32,21.18,65699,40041000,1
2020.11.10,21.38,22.95,21.28,22.86,59923,53205100,1
2020.11.11,22.98,23.05,22.26,22.85,47721,27960500,1
2020.11.12,22.58,22.75,21.77,21.91,32340,19722100,1
2020.11.13,21.96,22.71,21.89,22.42,34093,23908600,1
2020.11.16,23.01,23.52,22.88,23.15,34030,22384300,1
2020.11.17,22.87,23.90,22.78,23.41,38047,22034300,1
2020.11.18,23.71,24.01,23.42,23.44,27784,24001000,1
2020.11.19,23.50,23.84,23.28,23.65,21648,13929500,1
2020.11.20,23.65,23.87,23.40,23.50,19415,10224500,1
2020.11.23,23.94,24.64,23.94,24.64,33957,22774000,1
2020.11.24,25.18,26.23,25.14,25.96,58456,23024600,1
2020.11.25,25.83,26.11,25.33,25.79,33118,15680800,1
2020.11.26,25.54,25.56,25.11,25.39,20033,11803100,1
2020.11.27,25.56,25.63,25.05,25.05,22625,14340100,1
2020.11.30,24.87,25.48,24.70,24.71,37217,33606700,1
2020.12.01,25.13,25.53,25.07,25.44,34885,12790700,1
2020.12.02,25.43,26.35,25.18,25.79,29437,16340300,1
2020.12.03,25.99,26.73,25.81,26.31,29809,14481900,1
2020.12.04,26.80,27.36,26.79,27.18,36380,16206300,1
2020.12.07,27.08,27.30,26.37,26.57,26925,14894400,1
2020.12.08,26.42,26.83,26.26,26.34,17619,8495000,1
2020.12.09,26.34,26.62,26.08,26.37,24004,18354800,1
2020.12.10,26.58,27.78,26.51,27.32,46432,21953100,1
2020.12.11,27.14,27.28,26.77,27.09,46141,13098800,1
2020.12.14,27.53,27.63,26.89,26.98,28197,15227000,1
2020.12.15,27.19,27.49,26.95,27.32,15944,11595600,1
2020.12.16,27.35,27.88,27.01,27.62,44503,19478300,1
2020.12.17,27.69,28.09,27.59,27.97,20675,9853700,1
2020.12.18,27.85,28.09,27.61,27.68,15152,9994200,1
2020.12.21,26.74,27.07,26.47,26.66,26027,12692700,1
2020.12.22,26.85,27.17,26.69,26.93,20670,8388800,1
2020.12.23,27.05,27.97,27.05,27.51,10755,5874900,1
2020.12.28,27.86,28.17,27.69,27.71,19641,7255700,1
2020.12.29,27.86,27.99,27.48,27.73,22002,7363400,1
2020.12.30,27.90,28.14,27.81,27.90,27909,20928700,1
