Date,Open,High,Low,Close,TickVol,Vol,Spread
2017.01.02,21.10,21.27,20.91,20.91,3538,1118500,1
2017.01.03,21.29,21.84,21.20,21.84,15415,5658500,1
2017.01.04,21.75,21.89,21.16,21.45,5459,2144400,1
2017.01.05,21.68,22.45,21.52,22.27,11824,4031600,1
2017.01.06,21.94,22.19,21.58,21.67,9856,4213500,1
2017.01.09,21.95,22.41,21.92,22.12,9075,3407800,1
2017.01.10,22.88,23.82,22.88,23.82,10476,3606500,1
2017.01.11,24.04,24.36,23.64,24.31,10971,3499900,1
2017.01.12,25.10,25.39,24.80,25.10,15539,5500500,1
2017.01.13,24.95,26.04,24.79,25.86,11025,5410000,1
2017.01.16,26.04,26.80,26.04,26.56,4900,2018500,1
2017.01.17,26.06,26.12,25.45,25.51,16221,5968500,1
2017.01.18,25.33,27.28,25.33,26.80,35146,14846300,1
2017.01.19,26.71,26.72,25.90,26.26,15877,5303100,1
2017.01.20,25.86,27.07,25.83,26.79,14128,6309700,1
2017.01.23,26.88,27.94,26.86,27.80,13291,4369600,1
2017.01.24,28.43,28.98,27.77,28.48,15806,5373900,1
2017.01.26,28.73,28.90,28.04,28.04,12964,5274700,1
2017.01.27,27.94,28.54,27.88,28.13,9550,3244000,1
2017.01.30,27.72,27.95,26.82,26.92,11391,3136800,1
2017.01.31,27.29,27.50,26.80,26.86,10247,4067300,1
2017.02.01,27.29,27.97,27.27,27.45,18334,5928500,1
2017.02.02,27.05,27.91,27.05,27.26,13456,4024400,1
2017.02.03,26.71,26.71,25.36,25.55,22795,6833500,1
2017.02.06,25.59,25.68,24.93,24.97,13227,3554600,1
2017.02.07,25.57,26.15,25.10,25.24,15356,4297100,1
2017.02.08,25.70,25.72,25.07,25.53,11605,3867100,1
2017.02.09,25.47,26.16,25.25,25.94,11557,4011900,1
2017.02.10,26.84,27.37,26.79,27.37,17642,5036400,1
2017.02.13,28.55,29.92,28.39,29.89,32235,11344600,1
2017.02.14,29.65,29.68,28.40,28.71,14905,4651000,1
2017.02.15,28.96,29.00,28.12,28.23,18857,6626600,1
2017.02.16,28.19,28.74,28.06,28.18,8825,5231900,1
2017.02.17,28.05,28.63,27.87,28.43,11048,5909200,1
2017.02.20,29.95,30.51,29.86,30.40,13190,6047300,1
2017.02.21,30.75,31.11,29.44,29.66,22375,6307900,1
2017.02.22,29.49,29.49,28.40,28.95,20631,6845300,1
2017.02.23,29.37,29.42,27.37,27.68,27902,12566100,1
2017.02.24,26.83,28.30,26.71,27.31,24904,9984400,1
2017.03.01,27.58,27.86,27.42,27.68,12537,3262200,1
2017.03.02,27.79,28.04,26.16,26.26,24921,6860100,1
2017.03.03,26.61,26.95,26.17,26.56,13365,6887300,1
2017.03.06,26.21,26.38,25.60,25.96,14659,6393900,1
2017.03.07,26.03,26.60,25.70,25.81,16959,6653500,1
2017.03.08,26.06,26.16,24.90,25.14,11855,5789100,1
2017.03.09,24.58,25.52,24.26,25.19,21362,8743900,1
2017.03.10,25.59,25.89,24.75,24.75,13961,5574100,1
2017.03.13,25.65,26.19,25.62,25.88,13555,5769000,1
2017.03.14,25.66,26.29,25.28,26.01,14242,4090300,1
2017.03.15,26.63,27.81,26.35,27.81,20908,7371000,1
2017.03.16,28.06,28.24,26.94,27.15,12211,4526300,1
2017.03.17,27.28,27.35,26.12,26.12,24876,14666000,1
2017.03.20,26.00,26.61,25.79,26.40,9278,3235400,1
2017.03.21,25.78,25.85,24.16,24.24,20481,6492000,1
2017.03.22,23.74,25.10,23.61,24.54,25436,7011400,1
2017.03.23,24.24,24.73,23.73,24.40,23456,7072000,1
2017.03.24,24.62,24.63,23.83,24.20,11252,3909200,1
2017.03.27,23.36,24.72,22.74,24.53,16544,6832700,1
2017.03.28,24.76,25.04,24.50,24.88,15467,4454900,1
2017.03.29,25.10,25.47,24.66,25.13,7684,3103500,1
2017.03.30,25.04,25.36,24.83,25.12,5621,2230800,1
2017.03.31,24.64,25.33,24.44,24.86,15068,4005200,1
2017.04.03,24.88,25.04,24.28,24.63,19536,4090000,1
2017.04.04,24.67,25.63,24.45,25.58,7412,2425400,1
2017.04.05,25.87,26.27,24.43,24.58,16991,6226300,1
2017.04.06,24.81,24.95,23.91,24.13,15544,5805900,1
2017.04.07,23.53,24.65,23.31,24.33,19187,7499600,1
2017.04.10,24.32,24.43,23.69,24.23,9123,3783200,1
2017.04.11,24.27,24.44,23.22,23.92,18280,5065100,1
2017.04.12,23.03,23.37,22.77,22.88,16419,6277800,1
2017.04.13,22.85,23.28,22.77,22.88,13140,4171300,1
2017.04.17,22.74,22.93,22.27,22.89,10882,5369600,1
2017.04.18,22.16,22.33,21.82,22.21,27377,7197300,1
2017.04.19,22.45,22.90,22.15,22.26,18025,6304100,1
2017.04.20,22.78,23.45,22.63,23.41,13437,4584900,1
2017.04.24,23.98,23.99,23.25,23.55,10452,3353300,1
2017.04.25,23.44,24.33,23.27,24.33,11102,4655700,1
2017.04.26,24.28,24.53,23.79,23.79,19455,5952100,1
2017.04.27,23.93,24.16,22.67,23.02,20779,9337000,1
2017.04.28,23.29,23.78,23.23,23.57,7698,4794200,1
2017.05.02,23.77,24.18,23.68,24.08,28393,7800500,1
2017.05.03,23.68,23.78,22.58,22.58,19039,7875200,1
2017.05.04,22.27,22.27,21.50,21.75,16733,7711700,1
2017.05.05,21.62,22.65,21.62,22.35,9995,4223600,1
2017.05.08,22.31,22.44,21.82,22.34,11863,4740300,1
2017.05.09,22.65,23.01,22.46,22.74,13963,3970800,1
2017.05.10,23.07,23.21,22.46,22.79,13963,4513800,1
2017.05.11,22.84,22.92,22.46,22.58,9215,3400900,1
2017.05.12,22.89,22.91,22.09,22.23,11111,3844700,1
2017.05.15,22.37,22.87,22.24,22.87,11400,7368800,1
2017.05.16,23.01,23.53,22.89,23.39,19646,7041200,1
2017.05.17,23.45,23.58,22.85,23.03,15855,5427300,1
2017.05.18,21.45,23.51,21.45,23.05,52069,20095500,1
2017.05.19,23.30,24.00,23.17,23.38,16072,6487500,1
2017.05.22,23.38,24.17,23.10,23.96,29088,7974200,1
2017.05.23,23.81,24.34,23.31,24.25,12856,5402600,1
2017.05.24,24.14,24.14,23.40,23.61,11738,4307700,1
2017.05.25,23.61,23.97,23.30,23.77,12826,3993000,1
2017.05.26,23.59,23.96,23.45,23.91,8621,2956900,1
2017.05.29,23.67,24.67,23.67,24.08,5407,2945800,1
2017.05.30,24.16,24.80,23.96,24.54,8710,3071000,1
2017.05.31,24.20,24.26,23.06,23.31,19606,9430500,1
2017.06.01,23.30,23.49,22.73,22.89,12654,6895700,1
2017.06.02,23.08,23.16,22.64,22.98,7620,2599600,1
2017.06.05,22.61,22.87,22.50,22.73,9886,3460100,1
2017.06.06,22.58,23.31,22.58,22.81,13551,5871000,1
2017.06.07,23.08,23.20,22.59,22.70,14277,5910900,1
2017.06.08,22.61,23.41,22.58,23.19,17930,5164200,1
2017.06.09,23.31,23.63,23.11,23.43,15670,5220500,1
2017.06.12,23.50,23.61,22.77,23.03,13865,5185200,1
2017.06.13,22.87,23.07,22.44,22.63,17554,4566900,1
2017.06.14,22.86,22.94,22.15,22.40,18598,7632000,1
2017.06.16,22.15,22.32,21.80,21.93,13891,12977600,1
2017.06.19,22.30,23.07,22.22,22.64,13718,5718900,1
2017.06.20,22.41,22.43,21.90,22.06,11975,4354800,1
2017.06.21,22.22,22.98,22.14,22.71,9854,2750600,1
2017.06.22,22.70,23.61,22.58,23.19,11201,4682500,1
2017.06.23,23.19,23.59,22.97,23.37,10643,4854400,1
2017.06.26,23.46,23.74,23.43,23.57,14216,4031700,1
2017.06.27,24.33,24.84,23.93,23.96,16320,7457700,1
2017.06.28,24.46,24.78,24.32,24.70,14642,8512800,1
2017.06.29,24.99,25.20,24.46,24.80,10238,4298900,1
2017.06.30,24.84,25.05,24.59,24.88,11367,4746700,1
2017.07.03,25.11,25.49,24.97,25.44,5484,2162200,1
2017.07.04,25.28,25.42,25.19,25.42,3182,1057700,1
2017.07.05,25.43,25.61,24.64,24.82,13804,6434400,1
2017.07.06,24.75,24.87,24.40,24.82,10963,4806600,1
2017.07.07,24.99,25.21,24.40,24.79,13560,4648000,1
2017.07.10,24.80,25.53,24.56,25.49,13280,5051800,1
2017.07.11,25.60,25.82,25.43,25.78,13438,4947700,1
2017.07.12,25.91,25.99,25.29,25.66,20896,8506600,1
2017.07.13,25.84,25.95,24.90,25.04,16743,7756300,1
2017.07.14,25.27,25.49,25.14,25.33,10009,3715400,1
2017.07.17,25.61,25.97,25.43,25.50,11508,4646700,1
2017.07.18,25.66,25.78,25.33,25.66,8039,3970100,1
2017.07.19,25.75,25.89,25.51,25.66,12918,4386300,1
2017.07.20,25.60,25.60,24.58,24.64,11328,5909300,1
2017.07.21,24.63,24.92,24.30,24.46,15524,5459900,1
2017.07.24,24.56,25.02,24.46,25.00,9634,4203000,1
2017.07.25,25.37,26.30,25.37,26.27,20231,11646100,1
2017.07.26,26.51,26.51,25.44,25.45,17005,10669000,1
2017.07.27,25.45,25.92,25.12,25.49,11627,5509100,1
2017.07.28,25.34,26.04,25.17,26.03,10976,5148400,1
2017.07.31,27.03,27.05,26.63,26.86,16075,6246100,1
2017.08.01,26.82,26.82,26.34,26.65,11487,4301300,1
2017.08.02,26.34,26.83,26.21,26.70,17249,6073700,1
2017.08.03,26.72,26.80,26.29,26.33,14418,5049800,1
2017.08.04,26.57,27.02,26.38,26.80,11020,4574000,1
2017.08.07,27.12,27.83,27.11,27.82,23818,7791300,1
2017.08.08,27.54,27.99,27.08,27.50,17630,9690900,1
2017.08.09,27.46,27.67,27.20,27.39,16121,7836800,1
2017.08.10,27.28,27.48,26.94,27.03,17621,7373100,1
2017.08.11,26.83,26.83,26.22,26.43,23939,13439600,1
2017.08.14,26.41,27.00,26.21,26.86,24492,16860000,1
2017.08.15,26.86,26.99,26.33,26.70,25434,17690400,1
2017.08.16,26.94,27.52,26.88,27.23,35640,25977200,1
2017.08.17,27.36,27.49,26.70,26.77,21386,14011700,1
2017.08.18,27.29,27.50,26.95,27.07,34698,24350300,1
2017.08.21,27.45,27.66,27.21,27.24,38241,19833500,1
2017.08.22,27.76,27.79,27.21,27.34,23736,19092300,1
2017.08.23,27.24,27.93,27.12,27.92,21384,15314800,1
2017.08.24,27.94,29.17,27.74,29.07,32681,20394100,1
2017.08.25,29.28,29.46,28.68,29.03,25410,16267700,1
2017.08.28,28.92,29.60,28.87,29.48,26526,14843200,1
2017.08.29,29.17,29.74,29.10,29.55,27801,15647700,1
2017.08.30,29.60,29.78,29.38,29.47,30941,13954700,1
2017.08.31,29.96,30.19,29.56,30.10,40737,56185000,1
2017.09.01,30.46,30.87,30.26,30.61,36225,22462700,1
2017.09.04,30.36,31.05,30.30,30.98,27638,14958000,1
2017.09.05,31.32,31.48,30.19,30.55,46149,24106300,1
2017.09.06,30.74,30.97,30.44,30.72,30817,18067200,1
2017.09.08,30.63,30.99,29.58,29.59,33041,22867200,1
2017.09.11,29.86,30.21,29.80,30.11,26724,19092500,1
2017.09.12,30.35,30.66,30.23,30.26,29241,16046400,1
2017.09.13,30.08,30.14,29.51,29.84,38657,21935900,1
2017.09.14,29.17,29.26,28.62,28.85,35485,24231000,1
2017.09.15,28.63,29.30,28.57,29.00,32283,34074000,1
2017.09.18,29.01,29.44,28.99,29.39,35814,18561100,1
2017.09.19,29.00,29.17,28.60,29.11,30519,17055700,1
2017.09.20,29.07,29.30,28.12,28.46,35732,24024700,1
2017.09.21,28.02,28.12,27.60,27.90,32965,26131700,1
2017.09.22,27.59,27.78,27.33,27.38,26889,16823400,1
2017.09.25,27.29,27.71,26.60,26.68,43541,20687500,1
2017.09.26,27.00,27.40,26.95,27.03,20776,17015200,1
2017.09.27,27.44,27.67,26.63,27.40,34875,26162600,1
2017.09.28,27.04,27.33,26.84,27.24,31328,17519100,1
2017.09.29,27.58,27.80,27.12,27.35,25041,15930400,1
2017.10.02,27.67,27.83,27.35,27.37,24702,13432900,1
2017.10.03,27.54,28.04,27.25,28.04,35974,23348900,1
2017.10.04,28.21,28.38,27.98,27.98,21768,17370500,1
2017.10.05,28.32,28.48,27.66,27.69,23748,17079700,1
2017.10.06,27.52,27.59,27.31,27.58,19117,12364100,1
2017.10.09,27.50,27.54,26.82,27.03,22068,13193900,1
2017.10.10,27.16,27.20,26.55,26.88,40833,20058300,1
2017.10.11,26.55,27.02,26.37,26.69,44101,22923100,1
2017.10.13,27.54,28.40,27.46,28.24,48249,31308600,1
2017.10.16,28.64,28.87,28.17,28.62,45344,35861900,1
2017.10.17,28.41,28.59,27.96,27.96,24045,19842700,1
2017.10.18,28.11,28.27,27.28,27.69,37029,21210600,1
2017.10.19,27.24,28.38,27.21,28.32,24477,18543100,1
2017.10.20,28.96,28.99,28.27,28.27,27659,24301000,1
2017.10.23,28.32,28.49,28.01,28.07,18368,11948700,1
2017.10.24,28.21,29.03,27.93,29.03,24559,19996200,1
2017.10.25,28.86,29.05,28.38,28.79,24322,16724100,1
2017.10.26,29.06,29.09,28.03,28.03,28735,25302400,1
2017.10.27,27.71,28.21,27.48,27.93,28877,17377100,1
2017.10.30,27.62,28.26,27.32,27.76,33793,19401600,1
2017.10.31,27.82,28.05,27.47,27.54,26684,14629600,1
2017.11.01,28.15,28.56,28.05,28.16,44317,29708700,1
2017.11.03,28.49,28.78,28.32,28.78,43526,29217800,1
2017.11.06,29.08,29.47,29.03,29.47,43204,26333200,1
2017.11.07,29.38,29.38,28.76,28.76,42176,20239700,1
2017.11.08,29.01,29.13,28.70,29.12,20264,11580700,1
2017.11.09,28.92,28.93,28.15,28.15,30874,19246700,1
2017.11.10,28.13,28.34,27.89,28.12,22138,12199100,1
2017.11.13,28.18,28.69,27.97,28.44,23291,12424700,1
2017.11.14,28.33,28.40,27.41,27.60,37725,23319200,1
2017.11.16,27.85,28.14,27.48,27.97,28525,16279900,1
2017.11.17,27.97,28.46,27.73,28.25,24957,13771300,1
2017.11.21,28.57,29.22,28.45,29.22,30254,23741300,1
2017.11.22,29.52,30.01,29.42,29.81,38050,22150200,1
2017.11.23,29.89,30.33,29.66,30.20,22998,11962000,1
2017.11.24,30.19,30.76,30.13,30.71,34484,30784900,1
2017.11.27,30.43,30.70,30.10,30.38,30949,15112700,1
2017.11.28,30.42,31.45,30.25,31.11,45293,28591300,1
2017.11.29,31.13,31.39,30.57,30.63,32305,18176000,1
2017.11.30,30.63,30.96,29.97,30.15,39280,25409800,1
2017.12.01,30.20,30.87,29.94,30.44,30805,17204100,1
2017.12.04,30.86,31.73,30.76,31.60,41348,22600100,1
2017.12.05,31.59,32.09,30.91,30.91,36454,25898800,1
2017.12.06,30.53,30.88,30.34,30.69,29158,20400800,1
2017.12.07,30.08,30.46,29.95,30.32,41912,19876200,1
2017.12.08,30.73,30.85,30.43,30.44,26244,21502200,1
2017.12.11,30.75,30.89,30.44,30.69,25807,14785300,1
2017.12.12,30.57,31.05,30.22,31.05,34454,17624400,1
2017.12.13,31.26,31.30,30.93,30.99,44667,21135300,1
2017.12.14,30.81,31.39,30.71,31.10,34044,17718000,1
2017.12.15,31.33,31.99,31.20,31.65,50224,32954100,1
2017.12.18,32.17,32.62,32.04,32.47,32413,24339300,1
2017.12.19,32.36,32.69,32.30,32.48,26687,14041000,1
2017.12.20,32.58,33.65,32.58,33.59,46017,19218100,1
2017.12.21,33.55,34.09,33.53,34.09,26400,11772500,1
2017.12.22,34.06,34.49,33.96,34.45,17103,10140000,1
2017.12.26,34.30,34.64,33.79,34.51,16397,9986600,1
2017.12.27,34.46,34.82,34.31,34.51,16838,9943000,1
2017.12.28,34.64,34.86,34.57,34.86,19263,9963300,1
2018.01.02,35.02,36.14,35.02,36.12,29159,14156400,1
2018.01.03,36.22,36.26,35.76,35.91,26805,12744200,1
2018.01.04,36.20,36.69,35.95,36.06,37772,18393900,1
2018.01.05,35.99,36.62,35.77,36.62,28798,15251300,1
2018.01.08,36.71,37.43,36.71,37.43,25922,14542800,1
2018.01.09,37.73,37.88,37.17,37.29,28768,15986200,1
2018.01.10,37.01,37.19,36.73,36.77,22777,12149500,1
2018.01.11,36.89,37.49,36.89,37.49,19554,10236300,1
2018.01.12,37.19,37.80,37.02,37.71,31415,15014300,1
2018.01.15,37.67,37.86,37.47,37.64,14187,7253400,1
2018.01.16,37.22,37.35,36.63,36.63,30773,20121600,1
2018.01.17,36.71,37.42,36.68,37.36,36218,16490700,1
2018.01.18,37.67,37.76,36.96,37.11,25420,10772100,1
2018.01.19,37.41,37.58,36.89,37.13,17771,11173100,1
2018.01.22,37.32,37.37,36.56,36.93,21203,11580900,1
2018.01.23,36.36,36.46,35.33,35.39,32019,24355800,1
2018.01.24,35.68,36.48,35.62,36.18,35702,22096600,1
2018.01.26,36.24,36.26,35.25,35.87,37489,19259500,1
2018.01.29,35.59,36.57,35.54,36.27,21949,16752900,1
2018.01.30,36.11,36.33,35.70,35.91,20915,13180300,1
2018.01.31,36.15,36.96,35.89,35.89,35889,22859700,1
2018.02.01,36.02,36.77,35.99,36.19,35108,21949700,1
2018.02.02,36.06,36.06,35.28,35.33,32993,17946300,1
2018.02.05,35.15,36.40,34.92,34.94,27850,22452800,1
2018.02.06,34.64,36.77,34.57,36.77,48878,26037000,1
2018.02.07,36.74,36.99,36.11,36.12,31630,20560700,1
2018.02.08,36.10,36.48,35.56,36.01,30285,18928800,1
2018.02.09,35.85,36.71,35.53,36.37,39218,22760500,1
2018.02.14,37.58,38.57,37.46,38.54,43825,25905800,1
2018.02.15,38.97,39.80,38.92,39.79,62364,31037800,1
2018.02.16,39.67,39.99,39.37,39.86,38915,21107300,1
2018.02.19,39.92,40.52,39.80,40.22,21162,12756100,1
2018.02.20,39.87,40.22,39.17,39.41,29323,18417600,1
2018.02.21,39.41,39.80,38.71,38.79,38068,24312600,1
2018.02.22,39.16,39.55,39.07,39.54,23326,14081800,1
2018.02.23,39.83,40.19,39.53,39.90,21575,17489800,1
2018.02.26,40.47,41.04,40.43,41.04,32873,20374600,1
2018.02.27,41.10,41.22,40.45,40.98,24332,15062400,1
2018.02.28,40.69,40.77,38.66,39.01,44233,39459100,1
2018.03.01,39.15,39.51,38.07,38.49,39458,25776000,1
2018.03.02,37.93,37.99,37.01,37.88,47376,25236200,1
2018.03.05,37.65,38.05,37.13,37.84,34269,16100600,1
2018.03.06,38.53,38.90,37.60,37.66,37778,22341400,1
2018.03.07,37.16,37.61,36.89,37.46,33534,19334700,1
2018.03.08,37.31,37.41,36.06,36.24,25401,19755200,1
2018.03.09,35.82,36.95,35.41,36.80,33486,21077500,1
2018.03.12,36.97,37.27,36.66,37.12,15768,11796700,1
2018.03.13,37.36,37.42,36.76,36.83,22403,13831400,1
2018.03.14,37.46,37.89,37.21,37.24,25130,17879300,1
2018.03.15,37.33,37.43,36.83,37.07,20131,16000900,1
2018.03.16,37.07,37.24,36.76,36.98,23662,26667800,1
2018.03.19,36.30,36.30,35.55,35.93,34940,21826800,1
2018.03.20,35.93,36.65,35.78,36.37,21952,9299300,1
2018.03.21,36.50,37.32,36.22,37.15,36210,19759400,1
2018.03.22,36.66,36.93,36.38,36.65,25904,15145300,1
2018.03.23,36.05,36.89,35.85,36.37,25497,14945900,1
2018.03.26,36.72,37.05,36.37,36.72,17914,9800200,1
2018.03.27,37.06,37.06,35.60,35.72,20038,11608000,1
2018.03.28,35.50,36.45,35.02,36.31,30544,19018400,1
2018.03.29,36.60,37.37,36.49,36.90,38511,20201800,1
2018.04.02,37.00,38.00,37.00,37.59,30928,18900400,1
2018.04.03,37.94,38.07,37.10,37.48,29901,13640900,1
2018.04.04,36.54,37.24,36.36,37.20,19612,12414900,1
2018.04.05,37.86,38.19,37.62,37.81,34329,14675900,1
2018.04.06,37.51,37.68,36.93,37.36,16484,11275000,1
2018.04.09,37.65,37.79,36.90,37.55,20982,11704900,1
2018.04.10,38.29,39.20,38.18,39.20,29567,22404100,1
2018.04.11,38.95,39.39,38.66,39.02,22851,17667000,1
2018.04.12,38.83,39.22,38.74,39.17,16305,9778000,1
2018.04.13,39.21,39.49,38.99,39.32,27039,15442700,1
2018.04.16,39.00,39.21,38.74,38.94,18027,11390600,1
2018.04.17,38.99,40.21,38.95,40.15,28809,13294000,1
2018.04.18,41.09,42.03,40.96,41.51,45480,27545200,1
2018.04.19,41.77,42.11,41.44,41.81,30669,16081500,1
2018.04.20,41.75,41.87,41.38,41.64,16753,10159900,1
2018.04.23,41.28,41.94,41.14,41.52,25071,11767600,1
2018.04.24,41.70,42.48,41.70,42.23,24989,15081600,1
2018.04.25,41.74,42.39,41.47,41.92,21643,15410800,1
2018.04.26,41.70,42.83,41.63,42.57,21122,13229600,1
2018.04.27,42.75,42.97,41.84,42.27,23170,14596900,1
2018.04.30,42.19,42.69,42.09,42.55,17804,8436100,1
2018.05.02,42.40,43.11,42.33,42.58,33795,16502400,1
2018.05.03,42.67,43.12,42.47,42.91,29079,13992900,1
2018.05.04,42.77,43.62,42.77,43.45,24444,14756600,1
2018.05.07,43.46,43.74,42.93,43.04,26732,15408200,1
2018.05.08,43.05,43.43,42.76,43.00,45972,22376800,1
2018.05.09,43.20,44.08,43.12,43.93,31514,16746100,1
2018.05.10,44.07,44.93,44.04,44.93,27234,14293100,1
2018.05.11,45.26,46.84,45.24,46.01,35978,21370300,1
2018.05.14,46.40,47.56,46.33,47.44,32351,15797200,1
2018.05.15,47.04,47.77,46.49,47.77,30122,15886900,1
2018.05.16,48.37,48.95,48.20,48.87,36745,20816200,1
2018.05.17,48.34,48.78,47.86,48.41,43139,20193700,1
2018.05.18,47.82,48.52,46.73,47.88,53609,22281900,1
2018.05.21,48.09,48.17,46.33,46.33,36127,22537100,1
2018.05.22,46.22,46.38,45.34,45.75,36139,20455900,1
2018.05.23,45.28,45.67,44.80,45.41,29056,15631100,1
2018.05.24,44.86,46.33,44.81,45.86,30150,14465600,1
2018.05.25,45.96,46.15,44.63,45.00,22742,13103200,1
2018.05.28,44.50,45.86,44.33,44.64,31650,13723200,1
2018.05.29,45.43,45.51,43.70,43.85,47542,18607600,1
2018.05.30,43.89,44.89,43.45,44.26,43708,25838900,1
2018.06.01,44.50,46.40,44.28,46.12,33070,20390900,1
2018.06.04,46.49,46.73,45.25,45.91,28698,13891200,1
2018.06.05,45.89,47.21,45.89,46.97,32240,16911600,1
2018.06.06,47.64,49.16,47.63,49.02,60406,26722600,1
2018.06.07,49.36,49.61,46.39,47.53,64668,32362900,1
2018.06.08,47.20,47.20,44.29,44.49,59003,30342400,1
2018.06.11,44.91,45.46,44.22,44.45,28481,14335700,1
2018.06.12,44.15,45.77,43.85,45.20,34461,18368000,1
2018.06.13,45.44,45.67,44.35,45.06,30807,15583400,1
2018.06.14,45.34,45.36,44.36,45.20,33826,18784800,1
2018.06.15,44.93,44.97,42.57,42.95,45551,36525500,1
2018.06.18,42.50,43.09,41.84,43.02,36078,20437500,1
2018.06.19,41.70,42.62,41.11,42.22,48828,26707700,1
2018.06.20,42.88,42.90,42.02,42.67,26215,14362000,1
2018.06.21,42.41,43.01,41.12,41.27,27225,13834400,1
2018.06.22,42.09,42.37,41.51,41.97,16446,9592700,1
2018.06.25,41.70,41.79,40.44,41.23,27985,13735300,1
2018.06.26,41.52,42.26,40.76,42.26,22915,15413000,1
2018.06.27,42.38,43.08,41.87,42.09,23632,14434200,1
2018.06.28,41.83,43.22,41.52,42.90,27830,16271300,1
2018.06.29,43.45,43.80,42.88,43.35,21453,12183200,1
2018.07.02,42.74,43.00,42.42,42.63,17463,8168300,1
2018.07.03,43.10,43.26,41.93,41.93,23568,11338100,1
2018.07.04,42.11,42.28,41.61,41.99,14163,6107400,1
2018.07.05,42.44,43.51,42.23,43.45,23404,12154800,1
2018.07.06,43.53,44.09,43.18,44.01,20221,8540100,1
2018.07.10,44.32,44.67,43.14,43.30,22045,10886300,1
2018.07.11,42.40,42.92,42.35,42.71,28116,12875000,1
2018.07.12,43.14,44.29,42.80,44.10,35828,20699300,1
2018.07.13,44.23,44.49,43.65,43.98,30198,15454300,1
2018.07.16,43.98,44.23,43.36,43.71,23901,12491600,1
2018.07.17,43.82,44.60,43.45,44.32,25627,11485000,1
2018.07.18,44.71,45.17,44.43,44.98,16853,9724000,1
2018.07.19,44.33,44.36,42.89,43.21,29589,20679500,1
2018.07.20,43.35,43.59,42.51,42.59,28019,16648000,1
2018.07.23,42.90,43.82,42.42,43.36,17235,8488400,1
2018.07.24,45.39,45.80,44.85,44.85,34561,20818800,1
2018.07.25,44.99,45.24,44.36,45.24,28767,15154800,1
2018.07.26,45.87,46.49,45.81,46.14,36762,54246600,1
2018.07.27,46.75,46.92,46.55,46.73,25039,21490600,1
2018.07.30,46.94,47.51,46.82,47.49,26521,15473000,1
2018.07.31,47.38,48.06,47.25,47.94,30047,15868700,1
2018.08.01,46.68,47.00,46.35,46.38,26403,36802200,1
2018.08.02,45.54,46.41,45.02,46.19,32777,19752000,1
2018.08.03,46.87,47.43,45.99,47.08,24143,15533800,1
2018.08.06,46.68,47.40,46.59,46.95,21803,11865200,1
2018.08.07,47.84,48.07,47.15,47.26,41479,19010800,1
2018.08.08,47.75,47.78,46.82,46.95,32917,12995100,1
2018.08.09,47.04,47.52,46.35,46.45,27655,12726400,1
2018.08.10,46.06,46.51,45.44,46.33,32717,14590500,1
2018.08.13,46.65,47.21,46.36,46.84,27212,14643300,1
2018.08.14,46.68,47.40,46.38,47.27,30011,17382200,1
2018.08.15,46.23,46.57,45.11,45.17,45901,26517200,1
2018.08.16,45.60,45.72,44.47,44.55,36566,20073100,1
2018.08.17,44.38,45.86,44.11,45.51,39331,17319100,1
2018.08.20,45.78,46.38,45.73,46.09,24230,14745600,1
2018.08.21,45.84,46.68,45.71,46.35,26457,13327400,1
2018.08.22,46.28,47.75,46.26,47.75,26663,13031700,1
2018.08.23,47.58,47.95,47.17,47.80,26154,12222600,1
2018.08.24,48.02,48.79,47.98,48.52,21327,10929300,1
2018.08.27,48.53,49.88,48.53,49.88,21994,11099500,1
2018.08.28,50.11,50.54,49.34,49.86,32209,17813900,1
2018.08.29,49.50,50.32,49.40,49.47,21769,10222400,1
2018.08.30,49.55,50.07,48.74,48.89,28752,14385300,1
2018.08.31,48.85,49.10,47.76,48.04,22439,14964700,1
2018.09.03,47.75,48.53,47.67,48.43,9219,4328800,1
2018.09.04,48.02,48.19,46.59,46.59,22613,10475200,1
2018.09.05,46.66,47.16,46.37,46.72,12203,7064600,1
2018.09.06,47.30,48.27,46.95,47.92,21993,12138500,1
2018.09.10,48.30,48.42,47.45,47.68,19842,9284700,1
2018.09.11,47.14,47.48,46.71,47.12,26495,10323800,1
2018.09.12,47.49,48.12,46.75,47.89,20752,14219600,1
2018.09.13,48.11,48.77,47.95,48.18,28665,14326200,1
2018.09.14,48.47,49.48,48.43,49.46,32284,16974900,1
2018.09.17,49.55,49.79,49.09,49.31,21311,12057600,1
2018.09.18,49.84,51.49,49.73,51.37,32992,20593300,1
2018.09.19,51.62,52.81,51.54,52.48,26732,12411400,1
2018.09.20,53.05,53.41,52.35,53.15,18209,11211100,1
2018.09.21,53.66,54.66,53.40,54.66,29125,23961200,1
2018.09.24,54.52,54.88,53.89,53.94,19624,8947600,1
2018.09.25,53.76,55.75,53.63,55.73,27529,16786500,1
2018.09.26,55.73,55.93,53.53,53.77,51763,24547700,1
2018.09.27,53.95,54.43,52.51,53.29,39741,20582800,1
2018.09.28,52.73,54.02,52.73,53.60,29981,14685700,1
2018.10.01,53.47,54.27,52.93,54.12,17205,8923500,1
2018.10.02,54.54,55.32,54.19,54.83,40865,20504200,1
2018.10.03,55.56,55.72,53.15,53.71,51692,26601300,1
2018.10.04,53.75,54.06,52.57,52.68,27736,14367800,1
2018.10.05,51.83,52.24,51.28,51.51,38294,20133400,1
2018.10.08,51.07,51.58,49.51,51.11,66625,26311900,1
2018.10.09,51.43,52.25,50.82,51.70,35647,18628500,1
2018.10.10,51.45,52.13,50.11,50.11,27008,14082200,1
2018.10.11,50.60,51.25,49.87,50.64,35506,15930500,1
2018.10.15,51.06,52.41,50.96,51.71,37612,16246500,1
2018.10.16,51.95,52.76,51.33,51.73,38990,15773900,1
2018.10.17,52.31,52.83,51.78,52.72,39421,21782400,1
2018.10.18,52.76,52.76,50.50,50.66,34029,16973500,1
2018.10.19,51.19,51.58,50.53,50.68,20938,13373200,1
2018.10.22,51.73,52.38,51.13,52.33,24255,14003900,1
2018.10.23,51.38,51.60,50.21,50.88,40677,20709400,1
2018.10.24,51.46,51.63,48.80,48.80,31631,17701500,1
2018.10.25,50.18,50.24,48.24,48.96,54297,29348100,1
2018.10.26,49.22,50.11,47.98,49.85,48828,26532900,1
2018.10.29,50.66,50.66,47.16,47.61,55232,26110400,1
2018.10.30,48.06,49.18,47.48,48.30,48381,23719300,1
2018.10.31,48.73,50.85,48.66,50.85,47201,26504300,1
2018.11.01,50.88,52.23,49.78,51.55,34739,20324500,1
2018.11.05,51.65,52.00,51.14,51.58,44426,15491800,1
2018.11.06,51.11,51.87,50.71,51.31,28031,11210900,1
2018.11.07,51.81,52.14,51.46,51.63,30473,12982500,1
2018.11.08,51.80,52.69,51.12,51.12,32316,16743700,1
2018.11.09,50.66,51.11,48.53,49.00,48645,29209700,1
2018.11.12,49.40,49.72,48.77,49.18,31887,15985200,1
2018.11.13,49.22,50.45,48.73,50.45,32430,18790200,1
2018.11.14,49.50,49.91,48.64,49.46,44010,28360900,1
2018.11.16,50.07,50.52,49.45,50.34,50784,19633700,1
2018.11.19,50.34,50.46,49.14,49.64,26213,12979700,1
2018.11.21,48.55,48.91,48.16,48.89,37421,18590600,1
2018.11.22,49.03,49.06,48.19,48.45,19715,9255400,1
2018.11.23,47.87,47.87,45.14,45.14,67133,33531500,1
2018.11.26,44.78,45.81,43.93,44.94,58178,30327300,1
2018.11.27,44.55,45.27,44.02,44.76,48058,25582700,1
2018.11.28,45.28,46.91,45.03,46.89,55318,29037900,1
2018.11.29,46.55,47.28,45.84,46.62,40391,23362000,1
2018.11.30,46.23,48.14,46.23,47.34,60780,29502000,1
2018.12.03,49.85,49.92,48.18,48.51,68851,32352600,1
2018.12.04,48.73,48.88,47.07,47.41,56646,26842600,1
2018.12.05,47.79,47.95,47.01,47.34,21623,9656100,1
2018.12.06,46.35,47.16,45.79,46.89,41422,21375800,1
2018.12.07,47.05,47.75,45.81,45.99,52682,19472100,1
2018.12.10,45.83,46.30,45.00,45.01,33002,14331300,1
2018.12.11,45.86,46.39,45.05,45.37,37610,19440800,1
2018.12.12,45.86,46.08,45.14,45.16,40614,15806700,1
2018.12.13,45.59,45.98,45.05,45.37,38263,15149000,1
2018.12.14,45.17,45.90,44.69,45.62,35928,16910700,1
2018.12.17,46.53,46.86,45.75,45.95,46252,21401300,1
2018.12.18,46.04,46.79,46.04,46.12,40369,18988900,1
2018.12.19,46.44,46.98,44.84,44.84,55628,24322600,1
2018.12.20,45.49,45.88,44.34,44.66,40217,25323700,1
2018.12.21,45.08,45.95,45.03,45.60,48560,28272600,1
2018.12.26,44.93,45.46,44.29,45.22,28031,13356400,1
2018.12.27,44.92,45.18,44.18,44.38,32845,14332000,1
2018.12.28,45.11,45.90,45.05,45.73,25625,11914300,1
2019.01.02,44.84,46.06,44.64,45.81,39910,17319600,1
2019.01.03,45.55,45.67,43.39,43.93,72143,30120000,1
2019.01.04,44.67,47.03,44.67,46.79,65577,43360100,1
2019.01.07,47.40,48.10,46.37,46.54,41326,20998900,1
2019.01.08,46.80,47.34,46.28,46.99,52720,19925600,1
2019.01.09,47.66,48.47,47.37,48.14,61931,27920500,1
2019.01.10,47.73,47.78,46.86,47.61,46218,18113600,1
2019.01.11,47.75,47.93,46.96,46.96,30921,12360400,1
2019.01.14,46.60,47.25,46.11,47.16,25799,14626300,1
2019.01.15,47.38,47.70,46.51,46.94,28278,14480300,1
2019.01.16,46.98,47.36,46.80,47.21,32774,15375100,1
2019.01.17,47.02,49.05,46.86,48.62,45109,25525500,1
2019.01.18,49.27,49.85,48.64,49.10,59904,25815900,1
2019.01.21,49.18,49.63,48.77,49.56,23046,10676600,1
2019.01.22,48.85,49.38,48.73,49.38,34835,17154300,1
2019.01.23,49.72,50.12,49.61,49.89,29176,13470400,1
2019.01.24,50.03,50.39,49.76,50.34,24757,14118200,1
2019.01.28,40.35,43.04,37.98,38.00,260332,183534500,1
2019.01.29,38.80,40.07,38.19,38.32,124314,68335900,1
2019.01.30,41.47,41.96,40.33,41.78,111610,67892500,1
2019.01.31,42.13,42.53,40.79,40.79,86302,39814600,1
2019.02.01,40.99,41.54,40.87,41.47,39451,21279000,1
2019.02.04,41.24,41.33,39.49,40.06,60373,35888900,1
2019.02.05,39.85,40.53,39.28,40.02,44633,21998000,1
2019.02.06,39.45,39.81,38.07,38.07,46086,29257400,1
2019.02.07,37.79,38.36,36.95,37.29,55729,31403200,1
2019.02.08,36.44,39.08,36.32,38.70,72506,48169600,1
2019.02.11,39.32,39.49,37.56,37.67,53505,30690400,1
2019.02.12,38.10,39.75,37.70,39.72,62457,36399500,1
2019.02.13,39.73,41.23,39.72,40.79,79756,37978100,1
2019.02.14,40.70,41.19,40.39,40.94,46748,24051900,1
2019.02.15,40.70,41.26,40.52,41.14,61817,27877700,1
2019.02.18,41.05,41.38,40.26,40.57,37985,18777400,1
2019.02.19,40.79,41.19,40.55,40.79,38406,20523500,1
2019.02.20,41.15,41.31,40.29,41.06,55424,25493000,1
2019.02.21,41.10,41.32,40.46,40.69,36686,21401600,1
2019.02.22,40.97,42.19,40.86,42.13,39190,17580200,1
2019.02.25,42.45,42.81,41.60,42.25,33758,16801500,1
2019.02.26,41.95,42.40,41.78,42.32,21110,10362900,1
2019.02.27,42.36,42.36,41.55,41.99,33427,15004800,1
2019.02.28,41.76,42.23,41.33,42.23,38547,18167800,1
2019.03.01,42.40,42.59,39.94,41.91,62010,29872100,1
2019.03.06,42.52,43.08,42.31,43.08,26644,15244200,1
2019.03.07,42.88,43.90,42.78,43.81,40112,21112500,1
2019.03.08,43.27,43.83,42.72,43.80,52778,25446000,1
2019.03.11,43.84,44.78,43.58,44.72,37590,20082700,1
2019.03.12,44.65,45.12,44.43,44.80,27548,15546900,1
2019.03.13,44.78,45.73,44.56,45.46,39933,21947600,1
2019.03.14,45.55,45.66,45.01,45.47,25622,17224500,1
2019.03.15,45.55,45.94,45.19,45.32,22840,25945300,1
2019.03.18,45.05,45.43,44.68,45.24,28055,22972200,1
2019.03.19,45.46,46.97,45.36,46.53,41899,31950900,1
2019.03.20,46.13,46.34,45.19,45.33,45919,25480400,1
2019.03.21,45.30,46.15,45.29,45.63,47518,19604200,1
2019.03.22,45.25,46.02,44.56,44.87,49093,25556400,1
2019.03.25,44.47,45.11,44.08,44.43,28871,15855400,1
2019.03.26,44.66,45.46,44.65,45.08,36636,13356400,1
2019.03.27,44.87,45.49,44.21,44.47,41569,20408300,1
2019.03.28,45.29,45.37,43.59,44.20,53237,28395600,1
2019.03.29,44.78,46.26,44.78,45.66,54045,25030700,1
2019.04.01,46.94,47.56,46.71,47.16,41856,25321400,1
2019.04.02,47.56,47.79,46.29,46.29,40047,21398800,1
2019.04.03,47.32,47.37,46.27,46.43,32165,21410800,1
2019.04.04,46.62,47.03,46.28,46.77,28752,14111500,1
2019.04.05,46.80,46.95,46.35,46.60,18219,8322200,1
2019.04.08,47.07,47.87,46.95,47.87,34162,14322100,1
2019.04.09,47.68,47.79,46.89,46.94,27498,14233700,1
2019.04.10,47.29,47.29,46.19,46.41,31123,15576500,1
2019.04.11,46.17,46.50,45.66,46.43,22551,10241500,1
2019.04.12,46.70,47.27,46.00,46.16,43903,16832400,1
2019.04.15,46.25,46.37,45.53,46.02,38217,15683600,1
2019.04.16,45.97,47.66,45.58,47.61,41242,18751500,1
2019.04.17,47.66,48.24,46.35,46.85,53561,26436500,1
2019.04.18,46.80,47.49,46.63,47.14,21393,10673600,1
2019.04.22,46.58,46.62,45.55,45.99,34426,16263400,1
2019.04.23,46.25,46.55,45.98,46.55,22951,9859500,1
2019.04.24,46.22,46.39,44.97,45.15,27744,19928600,1
2019.04.25,45.04,45.21,44.27,45.12,37069,15873600,1
2019.04.26,45.26,45.41,44.40,45.21,28534,10585700,1
2019.04.29,45.67,45.78,44.94,45.05,17814,8680600,1
2019.04.30,45.03,45.45,44.61,44.92,30748,11344400,1
2019.05.02,44.18,44.18,43.68,43.88,33760,15811100,1
2019.05.03,44.34,45.39,44.28,45.19,21399,10549900,1
2019.05.06,44.47,44.60,44.01,44.52,22038,10409800,1
2019.05.07,44.25,44.56,43.68,44.56,36890,15141700,1
2019.05.08,44.67,44.95,43.88,43.93,33345,18403300,1
2019.05.09,43.93,43.94,43.08,43.52,27779,12405800,1
2019.05.10,43.30,44.65,43.09,44.34,42137,25203200,1
2019.05.13,43.51,43.71,42.52,42.52,41701,18502200,1
2019.05.14,43.20,43.35,42.45,42.67,30404,14137300,1
2019.05.15,42.27,43.44,42.16,42.99,38646,18384500,1
2019.05.16,43.53,43.87,41.08,41.60,84025,48994200,1
2019.05.17,41.60,42.78,41.51,42.78,58127,34008200,1
2019.05.20,42.70,42.80,41.81,41.92,42052,23819100,1
2019.05.21,42.23,43.00,41.32,42.51,47732,32331300,1
2019.05.22,42.84,43.65,42.47,42.55,36585,22101900,1
2019.05.23,42.20,42.95,41.62,42.87,34344,15700600,1
2019.05.24,43.61,44.32,43.31,43.31,54955,24876100,1
2019.05.27,43.93,45.05,43.84,45.00,39577,17230000,1
2019.05.28,44.78,45.68,44.69,45.05,45189,36952400,1
2019.05.29,44.40,44.69,44.07,44.56,35138,17797400,1
2019.05.30,44.57,44.95,44.33,44.84,23773,12851900,1
2019.05.31,44.39,45.73,43.67,43.93,45909,28805100,1
2019.06.03,44.25,44.47,43.43,43.78,34761,22416700,1
2019.06.04,44.09,44.25,43.30,44.03,34642,19495300,1
2019.06.05,44.18,44.32,42.91,43.39,24177,14266000,1
2019.06.06,43.83,43.88,43.31,43.75,19073,10840400,1
2019.06.07,43.98,44.02,43.36,43.63,21222,11546100,1
2019.06.10,43.89,44.14,43.33,43.34,25405,11567600,1
2019.06.11,44.61,46.16,44.52,46.11,67762,44536300,1
2019.06.12,46.22,46.70,45.66,46.17,46748,24453300,1
2019.06.13,46.53,46.85,46.25,46.49,42334,18030600,1
2019.06.14,46.35,46.46,45.86,46.08,33386,20288700,1
2019.06.17,45.73,46.02,45.01,45.01,43761,20476700,1
2019.06.18,45.73,47.00,45.73,46.62,38513,27116500,1
2019.06.19,47.52,47.61,46.47,46.89,45770,23612500,1
2019.06.21,47.29,47.46,46.71,47.02,28882,20443800,1
2019.06.24,47.05,47.05,46.71,46.98,20976,9252600,1
2019.06.25,46.79,47.04,46.03,46.07,26632,12354900,1
2019.06.26,46.17,46.66,46.06,46.25,27193,13240600,1
2019.06.27,46.76,46.76,46.19,46.35,31926,14901900,1
2019.06.28,46.69,46.80,46.34,46.46,21574,10866000,1
2019.07.01,47.61,48.23,47.61,48.10,48372,22764200,1
2019.07.02,48.51,48.56,44.85,46.08,83494,48283500,1
2019.07.03,46.42,46.60,45.86,45.99,40091,19929700,1
2019.07.04,46.34,46.71,45.86,46.33,36516,16138600,1
2019.07.05,45.19,45.35,44.61,45.15,46996,28098000,1
2019.07.08,45.41,46.26,45.24,45.68,22238,12669300,1
2019.07.10,46.27,47.12,46.08,46.74,55870,28045900,1
2019.07.11,46.51,47.07,46.37,46.67,39212,18485000,1
2019.07.12,47.03,47.32,46.38,46.45,47446,22197800,1
2019.07.15,47.03,47.46,46.85,47.24,39287,20023800,1
2019.07.16,47.70,47.94,47.33,47.56,32980,17347400,1
2019.07.17,47.51,47.63,47.03,47.24,24311,13687700,1
2019.07.18,47.17,47.36,46.83,47.15,20302,12194300,1
2019.07.19,47.35,47.73,47.12,47.27,23490,11780200,1
2019.07.22,46.78,47.21,46.45,47.03,27391,11292100,1
2019.07.23,46.98,47.16,46.41,46.41,23176,11052200,1
2019.07.24,45.81,45.96,45.32,45.41,44169,25061200,1
2019.07.25,45.73,45.83,44.92,45.27,32139,12714000,1
2019.07.26,45.73,45.77,44.99,45.04,26336,12541000,1
2019.07.29,45.10,45.37,44.65,45.06,19938,8375800,1
2019.07.30,44.98,45.35,44.84,44.84,25749,10082100,1
2019.07.31,45.17,45.32,44.13,44.66,46297,23174400,1
2019.08.01,44.15,44.24,43.26,43.39,83404,45495900,1
2019.08.02,43.22,43.30,42.51,42.89,48247,19656100,1
2019.08.05,41.78,41.78,41.03,41.24,89811,36288900,1
2019.08.06,41.66,42.11,41.50,41.80,40729,21825500,1
2019.08.07,41.11,41.67,40.75,41.67,42603,20681300,1
2019.08.08,42.41,42.58,42.07,42.30,41132,24114400,1
2019.08.09,41.87,41.97,40.79,40.79,40497,24390000,1
2019.08.12,40.48,41.23,40.37,40.49,32551,16312000,1
2019.08.13,40.84,41.96,40.66,41.69,38970,19913200,1
2019.08.14,41.22,41.22,40.10,40.24,44404,24661300,1
2019.08.15,40.36,40.79,38.71,39.35,51116,24417200,1
2019.08.16,39.85,40.08,38.98,39.17,51124,19458800,1
2019.08.19,39.71,39.84,38.74,39.14,52064,27602900,1
2019.08.20,39.01,39.89,38.46,39.31,36564,16787800,1
2019.08.21,39.09,39.75,38.62,39.58,33268,16144300,1
2019.08.22,39.79,39.79,39.05,39.35,26953,12205300,1
2019.08.23,39.30,39.98,38.46,38.80,41072,26018400,1
2019.08.26,38.99,39.14,38.14,38.37,29083,13006200,1
2019.08.27,38.69,39.37,38.05,38.84,42327,27759700,1
2019.08.28,38.83,39.60,38.59,38.98,28402,13380900,1
2019.08.29,39.55,40.57,39.41,40.44,47421,23347900,1
2019.08.30,41.23,41.54,40.59,40.86,39513,27158100,1
2019.09.02,41.74,41.84,41.11,41.25,25606,12709900,1
2019.09.03,41.24,41.29,40.65,40.81,29840,13169800,1
2019.09.04,41.29,41.71,41.22,41.71,22775,12408500,1
2019.09.05,42.09,42.31,41.71,41.71,35366,20573300,1
2019.09.06,41.65,41.86,41.32,41.65,17683,10205800,1
2019.09.09,41.87,42.94,41.50,42.94,43389,24283900,1
2019.09.10,42.93,43.48,42.32,43.25,43449,21421400,1
2019.09.11,43.57,43.57,42.66,42.99,29619,16805900,1
2019.09.12,43.59,44.62,43.57,44.55,54490,39261200,1
2019.09.13,44.79,45.10,44.52,44.64,40694,21989300,1
2019.09.16,44.26,44.33,43.35,43.56,39783,26334600,1
2019.09.17,43.26,44.07,43.24,43.84,29664,14434300,1
2019.09.18,43.93,43.93,43.02,43.39,32219,15202000,1
2019.09.19,43.39,43.56,42.82,43.32,33154,15640000,1
2019.09.20,43.63,43.70,43.04,43.41,27045,23849300,1
2019.09.23,43.21,43.56,43.00,43.13,16458,11925200,1
2019.09.24,42.78,42.93,41.94,42.08,28732,15216600,1
2019.09.25,42.17,43.05,41.99,42.91,27674,14517900,1
2019.09.26,43.13,43.29,42.61,42.91,22530,12193600,1
2019.09.27,43.17,43.35,42.38,42.73,25158,13257300,1
2019.09.30,42.72,43.07,42.33,42.81,23342,12073300,1
2019.10.01,42.90,43.82,42.73,42.78,34381,16035200,1
2019.10.02,42.05,42.05,40.44,40.44,55338,24324500,1
2019.10.03,40.63,41.07,39.65,40.74,47882,24517800,1
2019.10.04,40.97,41.95,40.96,41.77,52164,21185600,1
2019.10.07,41.51,42.12,41.28,41.28,24077,12454600,1
2019.10.08,41.51,41.57,40.63,40.63,32346,14541100,1
2019.10.09,40.95,41.28,40.64,40.95,19255,9457900,1
2019.10.10,41.30,42.54,41.30,42.35,31173,15234000,1
2019.10.11,43.06,43.86,43.04,43.61,44754,24352500,1
2019.10.14,43.22,43.26,42.64,43.03,24326,11479800,1
2019.10.15,42.93,43.30,42.61,42.96,33078,14596500,1
2019.10.16,42.49,42.61,41.82,41.96,36651,24342700,1
2019.10.17,42.13,42.18,41.79,41.88,26248,14111000,1
2019.10.18,42.04,42.30,41.26,41.27,27013,16365100,1
2019.10.21,41.62,42.33,41.48,42.33,23595,13252300,1
2019.10.22,42.39,42.62,42.23,42.41,29445,15114700,1
2019.10.23,42.68,42.88,42.17,42.24,26727,12296300,1
2019.10.24,42.55,42.65,41.71,41.92,26742,14457400,1
2019.10.25,42.81,43.54,42.63,43.54,39322,21680500,1
2019.10.28,43.62,43.75,43.34,43.66,21596,10893300,1
2019.10.29,43.40,43.75,43.11,43.62,18655,9954400,1
2019.10.30,43.39,43.59,42.76,43.56,30492,15261500,1
2019.10.31,43.13,43.47,42.01,42.32,38821,21658500,1
2019.11.01,42.86,43.66,42.82,43.43,32675,20111500,1
2019.11.04,44.00,44.67,44.00,44.67,37234,20980000,1
2019.11.05,44.89,45.08,44.32,44.71,33389,15951200,1
2019.11.06,44.74,44.80,43.84,44.55,34651,14879300,1
2019.11.07,44.69,45.30,44.42,44.93,44596,26788900,1
2019.11.08,44.23,44.43,43.76,44.09,37299,19854000,1
2019.11.11,43.43,43.43,43.00,43.15,38600,20385800,1
2019.11.12,43.30,43.48,42.95,42.95,27606,13130500,1
2019.11.13,42.72,43.09,42.11,42.25,27055,16882100,1
2019.11.14,42.45,42.66,42.10,42.14,32531,14155900,1
2019.11.18,42.78,43.08,42.57,42.69,33921,16777800,1
2019.11.19,43.13,43.48,42.78,43.19,23815,13108100,1
2019.11.21,42.82,43.41,42.77,43.41,28879,15624200,1
2019.11.22,43.53,44.86,43.53,44.86,48614,27680500,1
2019.11.25,45.31,45.89,45.21,45.60,44608,24507100,1
2019.11.26,45.37,46.17,45.24,45.92,41390,32446500,1
2019.11.27,45.66,45.90,44.95,45.35,26927,13507600,1
2019.11.28,45.33,45.62,44.55,45.16,21642,10145300,1
2019.11.29,45.16,45.25,44.67,44.81,19242,10290800,1
2019.12.02,44.96,46.34,44.93,46.03,41030,23952200,1
2019.12.03,45.95,45.96,45.05,45.21,25238,13479700,1
2019.12.04,45.57,45.75,45.30,45.65,18338,9105800,1
2019.12.05,45.46,45.80,45.32,45.68,22642,9503500,1
2019.12.06,45.95,46.34,45.75,46.04,28923,13892600,1
2019.12.09,46.85,47.06,46.02,46.12,36555,19388300,1
2019.12.10,45.92,46.11,45.64,45.90,26066,13878600,1
2019.12.11,46.07,46.67,45.92,46.47,26597,15572100,1
2019.12.12,46.71,47.57,46.38,47.47,47624,25140900,1
2019.12.13,47.79,48.42,47.38,48.20,59001,28172500,1
2019.12.16,48.86,49.02,47.82,47.82,43880,21806800,1
2019.12.17,47.74,48.16,47.56,47.90,36618,13770300,1
2019.12.18,47.83,48.07,47.22,48.00,33258,22924500,1
2019.12.19,48.03,48.69,47.78,48.48,26790,17683200,1
2019.12.20,49.17,49.37,48.61,49.19,40658,42124200,1
2019.12.23,49.29,49.36,48.84,49.00,34774,10225700,1
2019.12.26,49.21,49.38,48.94,49.19,36660,20410000,1
2019.12.27,49.55,49.56,49.03,49.20,35651,13920400,1
2019.12.30,49.24,49.44,48.83,48.92,21480,11928100,1
2020.01.02,49.55,49.97,49.33,49.87,40516,17509700,1
2020.01.03,49.27,50.02,49.18,49.50,35929,17284800,1
2020.01.06,49.38,49.38,48.78,49.21,47930,32787800,1
2020.01.07,49.10,49.74,49.01,49.56,34340,16326400,1
2020.01.08,49.75,49.90,49.22,49.57,33981,15298500,1
2020.01.09,49.33,49.44,48.69,48.92,35636,14638000,1
2020.01.10,49.33,49.44,48.75,48.98,22043,9129200,1
2020.01.13,49.23,51.07,49.11,50.76,53927,27557400,1
2020.01.14,50.76,51.72,50.48,51.07,46860,27817000,1
2020.01.15,50.76,51.47,50.58,50.90,40421,21425300,1
2020.01.16,51.03,51.35,50.57,50.64,29949,13149100,1
2020.01.17,51.63,52.40,51.49,52.32,57371,36524100,1
2020.01.20,52.32,52.65,51.89,52.65,29526,16746300,1
2020.01.21,52.13,52.33,51.16,51.43,50890,25436800,1
2020.01.22,51.95,52.18,51.45,51.67,30850,17269400,1
2020.01.23,50.88,51.15,50.22,50.94,53858,23028900,1
2020.01.24,51.05,51.15,49.28,49.38,35983,19744800,1
2020.01.27,47.42,47.56,46.33,46.36,72018,38779700,1
2020.01.28,46.99,47.81,46.88,46.99,48650,23046400,1
2020.01.29,47.45,47.63,46.31,46.58,42741,23323000,1
2020.01.30,45.86,47.27,45.71,47.27,48706,23083200,1
2020.01.31,46.76,46.87,45.71,46.14,36626,29988200,1
2020.02.03,46.35,46.89,45.71,46.73,46258,18858200,1
2020.02.04,47.91,48.26,47.70,47.98,50560,21559200,1
2020.02.05,48.94,49.22,48.64,48.64,41316,26797700,1
2020.02.06,49.25,49.49,48.48,48.90,35514,22155800,1
2020.02.07,48.54,48.61,47.65,47.82,28257,14450900,1
2020.02.10,47.64,47.64,45.82,46.07,49127,28244800,1
2020.02.11,46.95,47.91,46.83,47.77,38203,27560600,1
2020.02.12,48.74,48.99,48.49,48.71,42665,28539800,1
2020.02.13,47.93,48.10,47.32,47.86,36659,20105600,1
2020.02.14,47.92,47.99,46.76,46.81,29344,19896200,1
2020.02.17,47.46,49.02,47.38,49.02,35781,28134200,1
2020.02.18,48.23,48.69,47.84,48.46,37624,18054400,1
2020.02.19,48.58,48.76,48.10,48.47,37055,14439700,1
2020.02.20,48.89,49.10,47.78,47.91,41444,18838800,1
2020.02.21,46.81,46.94,45.71,46.01,65937,32249900,1
2020.02.26,42.83,42.99,41.36,41.62,79377,46923300,1
2020.02.27,40.98,41.80,39.98,40.82,92353,43289000,1
2020.02.28,40.38,40.67,39.65,40.67,70713,33393600,1
2020.03.02,41.19,43.22,41.13,42.55,98781,48372500,1
2020.03.03,42.90,45.06,42.29,42.54,105554,52401800,1
2020.03.04,44.06,45.06,43.14,44.58,69390,31526600,1
2020.03.05,43.74,44.01,42.18,43.00,76393,29092300,1
2020.03.06,40.57,42.06,40.06,40.95,83486,39718600,1
2020.03.09,37.13,38.13,34.70,34.72,139391,58884700,1
2020.03.10,38.46,41.62,37.45,41.13,113375,62965600,1
2020.03.11,39.48,40.65,35.80,37.39,98428,49607200,1
2020.03.12,33.04,33.04,29.78,32.45,91709,61994500,1
2020.03.13,38.55,40.41,33.96,39.38,149221,67248300,1
2020.03.16,33.05,38.00,33.05,35.83,133095,58833400,1
2020.03.17,37.17,39.99,35.90,38.10,117797,52585900,1
2020.03.18,35.61,37.51,32.77,35.47,141853,59550300,1
2020.03.19,34.42,35.80,32.36,33.41,115649,52142800,1
2020.03.20,34.79,36.17,31.86,32.30,116524,50199700,1
2020.03.23,32.63,32.91,30.63,31.30,107086,41743200,1
2020.03.24,33.83,35.47,33.83,34.55,72492,36949000,1
2020.03.25,35.05,37.95,34.96,37.49,86984,37932500,1
2020.03.26,37.64,38.93,36.70,38.55,89512,35388400,1
2020.03.27,36.07,38.04,35.98,36.81,67843,32158500,1
2020.03.30,37.56,38.84,37.39,38.34,68236,31189000,1
2020.03.31,38.83,40.84,38.75,39.67,81176,39026100,1
2020.04.01,38.38,40.50,37.82,39.81,80527,37022600,1
2020.04.02,40.34,40.91,38.48,39.27,82353,34274700,1
2020.04.03,39.28,39.35,36.49,37.17,77787,31539000,1
2020.04.06,39.10,39.83,38.52,39.59,79985,31844100,1
2020.04.07,41.48,41.76,39.98,40.18,77816,34064300,1
2020.04.08,39.93,40.61,39.51,39.94,61843,29326300,1
2020.04.09,40.34,40.82,39.32,39.72,69869,29799200,1
2020.04.13,39.65,40.91,39.45,40.91,49174,21952500,1
2020.04.14,41.87,42.22,40.84,40.87,66859,24644400,1
2020.04.15,39.93,40.29,39.11,39.64,56008,28687200,1
2020.04.16,40.20,40.38,38.59,39.25,56317,24260100,1
2020.04.17,40.29,40.60,39.67,40.39,45766,23525600,1
2020.04.20,39.71,39.71,38.76,38.97,58081,28903300,1
2020.04.22,39.10,39.69,38.60,39.38,52196,22527500,1
2020.04.23,39.73,41.02,39.29,39.94,57650,26979700,1
2020.04.24,39.81,40.57,38.39,40.17,129699,54903700,1
2020.04.27,40.81,41.35,40.26,40.89,53475,25417900,1
2020.04.28,41.49,41.57,39.91,40.95,59137,25470100,1
2020.04.29,41.62,43.49,41.16,42.89,63144,32984600,1
2020.04.30,41.95,42.38,41.08,41.17,59288,25389800,1
2020.05.04,40.11,40.69,39.83,40.32,42287,16873000,1
2020.05.05,40.80,41.33,40.11,40.11,35428,18961300,1
2020.05.06,40.56,41.08,40.03,40.69,50774,26494700,1
2020.05.07,41.88,43.12,41.72,42.27,85774,42053500,1
2020.05.08,43.60,44.94,43.11,44.84,70846,34782200,1
2020.05.11,44.25,45.20,43.81,43.81,47524,24622000,1
2020.05.12,44.45,44.61,43.56,43.56,42803,21620900,1
2020.05.13,44.21,45.14,43.74,44.55,77724,34005700,1
2020.05.14,44.01,44.48,43.08,44.14,74031,35392600,1
2020.05.15,44.69,45.25,44.10,44.10,65476,34985300,1
2020.05.18,46.20,47.36,45.85,47.05,88186,41825800,1
2020.05.19,47.09,48.38,46.89,48.13,57898,27265400,1
2020.05.20,48.99,49.26,48.19,48.19,58857,26914300,1
2020.05.21,47.99,48.33,46.23,46.93,98532,41719300,1
2020.05.22,46.60,46.90,45.80,46.14,60668,23409500,1
2020.05.25,47.19,47.43,45.82,45.98,49129,21008300,1
2020.05.26,46.24,46.37,44.83,45.16,65672,28758800,1
2020.05.27,45.75,46.65,44.77,46.48,59263,31735100,1
2020.05.28,46.81,47.41,45.94,45.98,62088,23336400,1
2020.05.29,47.18,48.65,46.87,48.65,102057,92235500,1
2020.06.01,48.48,49.43,48.19,49.03,68135,27007400,1
2020.06.02,49.38,49.38,48.65,49.03,62262,25416300,1
2020.06.03,49.47,49.88,48.99,49.25,77896,31225500,1
2020.06.04,49.31,51.12,49.12,51.09,85856,37378000,1
2020.06.05,51.76,52.04,49.88,50.12,90969,39637200,1
2020.06.08,50.46,51.08,49.55,50.28,60645,27194300,1
2020.06.09,49.71,50.47,49.67,50.47,60443,19612900,1
2020.06.10,50.40,50.67,49.34,49.75,52540,24193100,1
2020.06.12,49.30,49.61,47.71,49.01,79093,31178000,1
2020.06.15,48.19,49.96,47.85,49.45,71052,27319200,1
2020.06.16,50.93,50.94,49.77,50.84,83899,29170800,1
2020.06.17,50.93,51.80,50.62,51.58,78628,27569700,1
2020.06.18,51.67,51.90,51.04,51.56,65659,25692100,1
2020.06.19,51.70,51.95,50.22,50.64,72623,37864700,1
2020.06.22,50.48,50.80,49.96,50.48,43156,14785400,1
2020.06.23,50.97,51.91,50.82,51.02,44998,18158300,1
2020.06.24,51.63,51.64,50.32,50.84,42910,18067100,1
2020.06.25,50.94,51.54,50.36,51.40,50113,16877400,1
2020.06.26,51.31,52.27,50.67,51.05,43255,21493500,1
2020.06.29,50.89,51.32,50.33,51.06,42570,15199300,1
2020.06.30,50.89,51.90,50.49,51.33,43012,27397500,1
2020.07.01,51.47,51.47,49.61,50.06,62392,28818500,1
2020.07.02,50.34,51.16,50.25,50.93,43765,23988800,1
2020.07.03,50.67,51.12,50.42,50.72,24605,7763700,1
2020.07.06,51.48,52.08,51.02,51.92,44607,23554100,1
2020.07.07,52.08,52.30,51.49,51.74,43627,13457700,1
2020.07.08,52.23,52.98,51.21,52.61,60659,32545700,1
2020.07.09,52.79,52.94,51.45,51.79,36467,19622600,1
2020.07.10,51.88,52.59,51.55,52.29,37356,14667100,1
2020.07.13,52.99,54.36,52.91,52.91,60352,28534100,1
2020.07.14,53.16,56.88,53.14,56.63,97216,51948600,1
2020.07.15,57.18,57.76,55.43,56.71,77045,29776500,1
2020.07.16,56.26,56.62,54.93,55.18,64615,22591200,1
2020.07.17,55.53,56.22,55.36,56.03,50919,18816000,1
2020.07.20,56.10,56.44,55.39,55.81,39731,16380000,1
2020.07.21,55.47,55.51,54.40,54.80,71917,28917900,1
2020.07.22,55.01,55.30,53.97,54.37,53376,19552600,1
2020.07.23,54.98,55.22,53.82,54.02,44976,17132400,1
2020.07.24,53.76,54.02,53.07,53.79,51880,22429300,1
2020.07.27,54.24,56.57,54.13,56.33,58740,35055300,1
2020.07.28,55.71,56.14,55.25,55.38,42955,21467000,1
2020.07.29,56.18,57.78,55.85,57.78,61080,29283800,1
2020.07.30,57.18,57.25,55.67,56.24,60498,31832200,1
2020.07.31,56.08,57.10,55.53,55.72,58360,26234400,1
2020.08.03,56.78,57.52,55.31,55.31,68606,35687900,1
2020.08.04,55.31,55.84,54.48,55.71,75564,182428000,1
2020.08.05,56.81,57.73,56.77,57.08,79154,36895200,1
2020.08.06,57.48,57.71,56.25,56.75,57684,22397100,1
2020.08.07,56.35,56.35,54.87,55.48,60727,28316100,1
2020.08.10,55.71,57.09,55.45,57.09,52859,29165200,1
2020.08.11,57.63,57.66,55.22,55.33,57934,23648100,1
2020.08.12,55.88,57.17,55.60,56.45,71019,29424100,1
2020.08.13,56.36,57.05,55.17,55.39,71316,24756900,1
2020.08.14,55.39,56.38,55.35,56.31,51420,17812500,1
2020.08.17,56.70,57.46,56.13,57.12,65911,42705500,1
2020.08.18,58.10,58.47,57.69,57.88,73678,32042100,1
2020.08.19,58.20,58.63,57.21,57.26,58534,23406300,1
2020.08.20,56.74,58.28,56.60,57.78,65722,25691100,1
2020.08.21,57.28,57.63,56.46,57.09,55966,27173400,1
2020.08.24,57.77,57.94,57.13,57.79,55365,17802300,1
2020.08.25,57.64,57.68,56.03,56.56,55941,25974500,1
2020.08.26,56.59,57.23,56.21,56.68,65111,23823300,1
2020.08.27,56.62,57.07,55.37,55.80,47769,18012100,1
2020.08.28,56.15,56.63,55.65,56.08,43226,14980900,1
2020.08.31,56.08,56.13,54.78,54.78,47222,30798100,1
2020.09.01,55.34,56.71,55.25,56.69,52753,24068700,1
2020.09.02,56.81,57.22,55.36,56.28,51963,21650900,1
2020.09.03,55.07,55.58,54.02,54.45,80942,35951300,1
2020.09.04,54.80,55.53,53.88,55.52,50992,26389300,1
2020.09.08,54.69,54.85,54.07,54.40,33690,14566000,1
2020.09.09,54.98,55.37,54.49,55.07,37993,16393700,1
2020.09.10,55.07,55.25,53.53,53.72,44498,19101000,1
2020.09.11,55.12,57.18,54.92,56.86,85227,45825300,1
2020.09.14,57.64,58.15,56.34,56.82,51514,35532200,1
2020.09.15,57.56,58.42,57.04,57.46,60560,32508100,1
2020.09.16,57.20,57.37,55.67,55.96,57412,28531100,1
2020.09.17,55.44,57.29,55.17,56.98,60861,31736400,1
2020.09.18,57.35,57.92,56.59,56.59,63176,32806300,1
2020.09.21,56.03,56.35,54.56,55.07,74597,52848000,1
2020.09.22,55.45,55.58,54.50,55.13,49537,23794100,1
2020.09.23,55.00,56.85,54.42,56.36,68989,37213300,1
2020.09.24,56.93,57.01,55.73,55.94,61617,31451200,1
2020.09.25,55.65,56.70,55.51,56.51,38357,27500900,1
2020.09.28,57.17,57.45,55.98,56.06,61701,30051600,1
2020.09.29,56.01,57.18,55.65,55.65,49850,26073600,1
2020.09.30,56.47,57.48,56.03,56.37,49629,25887600,1
2020.10.01,56.77,57.08,55.33,56.14,43292,22604500,1
2020.10.02,55.90,56.69,55.42,55.62,53324,23104900,1
2020.10.05,56.17,57.07,56.03,56.83,51853,17765100,1
2020.10.06,57.23,57.49,55.52,55.91,45553,21782100,1
2020.10.07,56.40,57.95,56.23,57.38,71955,27081900,1
2020.10.08,57.56,58.64,57.28,58.45,64006,22083700,1
2020.10.09,58.83,59.07,58.03,58.75,52796,21000000,1
2020.10.13,58.43,59.74,58.20,59.26,42888,18440600,1
2020.10.14,59.21,60.36,59.17,60.08,52840,21971200,1
2020.10.15,59.52,59.95,59.11,59.58,44033,16247400,1
2020.10.16,59.80,60.18,59.36,59.36,49393,15783700,1
2020.10.19,59.83,60.26,59.08,59.08,50935,29526100,1
2020.10.20,58.92,59.41,58.49,58.98,53965,25169500,1
2020.10.21,58.80,60.28,58.75,59.94,58916,21393600,1
2020.10.22,60.19,60.55,59.55,60.18,49139,31957300,1
2020.10.23,59.72,60.93,59.34,60.51,54207,24121400,1
2020.10.26,59.99,60.51,59.14,59.61,46042,18159100,1
2020.10.27,59.61,59.99,59.19,59.64,48441,17958300,1
2020.10.28,59.08,59.20,57.46,57.47,58719,23463200,1
2020.10.29,58.15,59.36,57.02,59.15,88369,37767200,1
2020.10.30,58.94,59.52,57.23,57.75,60840,27371700,1
2020.11.03,59.03,60.41,58.39,60.41,71852,32900800,1
2020.11.04,60.35,60.35,58.61,58.73,61044,27932100,1
2020.11.05,59.42,60.14,58.61,59.65,69650,25563600,1
2020.11.06,59.49,61.00,59.45,60.26,64893,26452500,1
2020.11.09,61.18,61.29,59.96,60.26,70578,37728900,1
2020.11.10,60.31,60.65,59.79,60.24,88251,55960600,1
2020.11.11,60.26,60.96,60.08,60.66,61494,25908500,1
2020.11.12,60.63,60.82,59.57,59.77,57045,23726500,1
2020.11.13,59.83,60.61,59.71,60.32,56378,25079300,1
2020.11.16,60.56,62.32,60.06,61.91,90385,91477900,1
2020.11.17,61.80,64.95,61.80,63.87,121001,69377900,1
2020.11.18,63.89,64.27,63.01,63.37,54440,22854400,1
2020.11.19,63.62,64.59,63.39,64.59,58087,25928500,1
2020.11.20,64.79,65.27,64.33,65.27,49768,23068900,1
2020.11.23,65.62,68.02,65.33,67.99,73741,38662400,1
2020.11.24,67.76,71.42,66.93,70.29,106156,53402800,1
2020.11.25,69.35,71.32,69.17,70.95,92202,36269100,1
2020.11.26,70.87,71.98,70.85,71.95,48410,20359000,1
2020.11.27,72.36,74.03,72.14,73.71,104749,48966700,1
2020.11.30,74.10,74.58,72.47,73.30,84606,48594200,1
2020.12.01,75.02,76.59,74.47,76.35,125314,61441200,1
2020.12.02,76.02,76.35,72.65,75.03,113983,53703300,1
2020.12.03,76.12,76.16,73.87,74.20,81231,35158600,1
2020.12.04,75.27,77.70,75.27,77.04,107129,48656900,1
2020.12.07,77.45,77.99,76.75,77.95,57050,27398500,1
2020.12.08,77.97,78.28,76.74,77.90,62188,28598800,1
2020.12.09,78.09,78.78,77.26,77.71,59738,26938500,1
2020.12.10,78.61,80.08,78.18,79.88,85599,41530700,1
2020.12.11,79.52,80.14,79.31,79.74,66243,25136800,1
2020.12.14,80.06,80.08,77.95,78.51,55036,20931700,1
2020.12.15,79.09,80.23,78.94,79.41,45491,18762800,1
2020.12.16,79.78,81.03,79.27,81.02,58160,23038300,1
2020.12.17,81.28,82.65,80.97,81.94,57908,21367800,1
2020.12.18,82.34,83.05,82.16,82.51,45430,23843100,1
2020.12.21,80.96,82.13,79.67,81.62,65825,31877300,1
2020.12.22,81.62,81.75,80.28,81.70,46542,23157000,1
2020.12.23,81.31,82.25,81.19,82.09,40027,17710200,1
2020.12.28,82.50,83.24,81.83,82.05,52226,26001300,1
2020.12.29,82.67,82.88,81.29,81.82,51196,19727500,1
2020.12.30,81.93,82.31,81.43,82.18,48270,30102700,1
