<DATE>	<OPEN>	<HIGH>	<LOW>	<CLOSE>	<TICKVOL>	<VOL>	<SPREAD>
2018.01.02	3306.000	3306.000	3268.500	3270.500	160351	571300	500
2018.01.03	3263.000	3277.500	3244.000	3247.500	215426	726808	500
2018.01.04	3244.500	3254.000	3232.500	3246.000	189632	656971	500
2018.01.05	3245.000	3259.500	3236.500	3239.500	185811	643249	500
2018.01.08	3242.000	3255.000	3235.000	3251.000	175565	598470	500
2018.01.09	3255.000	3265.500	3239.500	3259.500	223033	761238	500
2018.01.10	3263.500	3265.500	3236.000	3238.000	239035	822685	500
2018.01.11	3241.500	3245.500	3220.000	3223.000	201471	702800	500
2018.01.12	3228.500	3236.500	3206.500	3213.500	246590	839971	500
2018.01.15	3205.000	3226.500	3199.000	3223.500	153984	543552	500
2018.01.16	3222.000	3244.000	3219.000	3230.500	238655	846385	500
2018.01.17	3236.500	3245.000	3218.500	3230.500	206612	725424	500
2018.01.18	3227.000	3231.000	3208.000	3212.500	224978	798273	500
2018.01.19	3213.000	3219.500	3199.500	3201.000	169755	627052	500
2018.01.22	3198.000	3216.000	3188.500	3207.000	193402	700526	500
2018.01.23	3214.500	3248.500	3212.500	3241.500	246735	886656	500
2018.01.24	3230.500	3235.000	3138.500	3150.000	292961	1125402	500
2018.01.26	3135.000	3158.500	3123.000	3155.000	285034	1106164	500
2018.01.29	3162.000	3173.500	3155.500	3157.500	225141	793991	500
2018.01.30	3157.500	3196.500	3149.500	3182.000	257002	961415	500
2018.01.31	3177.500	3205.000	3155.500	3196.000	275807	1024345	500
2018.02.01	3203.000	3206.500	3171.500	3177.500	269031	978711	500
2018.02.02	3198.500	3233.000	3193.000	3230.500	279038	982405	500
2018.02.05	3224.500	3283.000	3223.000	3272.000	275761	965585	500
2018.02.06	3267.000	3287.000	3241.500	3243.000	390639	1362386	500
2018.02.07	3259.000	3292.000	3246.000	3280.000	313154	970110	500
2018.02.08	3284.500	3310.500	3264.000	3293.500	374477	1311694	500
2018.02.09	3285.000	3326.000	3275.000	3300.500	364604	1177135	500
2018.02.14	3296.000	3303.500	3222.500	3224.500	177553	663689	500
2018.02.15	3212.000	3246.000	3204.500	3238.000	258708	886196	500
2018.02.16	3244.500	3252.500	3207.000	3235.000	281422	1000756	500
2018.02.19	3231.000	3242.500	3226.500	3242.000	136905	432841	500
2018.02.20	3251.000	3265.000	3243.000	3260.000	240413	839325	500
2018.02.21	3260.000	3275.500	3245.500	3275.500	232958	804076	500
2018.02.22	3267.500	3276.000	3244.500	3251.000	233925	846041	500
2018.02.23	3247.000	3252.500	3234.000	3241.500	172760	608272	500
2018.02.26	3237.500	3243.000	3223.000	3224.000	155423	549970	500
2018.02.27	3227.500	3256.500	3223.000	3253.000	203285	740307	500
2018.02.28	3257.000	3263.000	3246.500	3257.500	166721	583980	500
2018.03.01	3265.000	3282.500	3249.500	3262.500	289719	1051723	500
2018.03.02	3270.500	3277.000	3258.500	3262.500	204568	699242	500
2018.03.05	3268.000	3272.000	3249.500	3251.000	143326	487523	500
2018.03.06	3238.500	3239.500	3214.000	3217.500	208874	729111	500
2018.03.07	3234.000	3255.500	3228.000	3252.000	206563	738293	500
2018.03.08	3256.500	3277.000	3247.000	3274.000	216456	813081	500
2018.03.09	3268.500	3278.500	3245.500	3263.500	200096	707699	500
2018.03.12	3259.500	3272.000	3256.500	3267.500	136700	468086	500
2018.03.13	3269.500	3270.000	3242.000	3265.000	224337	857258	500
2018.03.14	3253.500	3270.500	3250.000	3264.000	171857	677491	500
2018.03.15	3273.000	3301.000	3272.500	3289.000	202991	816419	500
2018.03.16	3297.000	3303.000	3275.500	3283.500	194879	697971	500
2018.03.19	3299.000	3299.500	3285.500	3289.500	177724	647890	500
2018.03.20	3284.500	3315.000	3282.000	3314.000	206423	765270	500
2018.03.21	3303.000	3309.500	3266.000	3275.000	240219	931864	500
2018.03.22	3285.500	3319.500	3280.500	3317.500	234054	839878	500
2018.03.23	3317.000	3320.500	3295.000	3313.000	216707	782103	500
2018.03.26	3298.000	3314.500	3293.500	3312.000	174406	599526	500
2018.03.27	3308.500	3334.500	3308.500	3325.000	220443	785409	500
2018.03.28	3324.000	3344.500	3319.500	3321.000	260153	1009933	500
2018.03.29	3328.500	3337.000	3300.500	3312.000	191911	725935	500
2018.04.02	3316.000	3331.500	3305.000	3318.500	185544	693254	500
2018.04.03	3317.500	3351.500	3311.000	3348.000	220082	860950	500
2018.04.04	3364.000	3374.000	3333.000	3336.500	249370	933076	500
2018.04.05	3304.500	3356.000	3302.000	3351.000	231723	895768	500
2018.04.06	3360.000	3386.000	3351.500	3375.500	270060	1055589	500
2018.04.09	3370.000	3430.500	3368.500	3429.000	252191	989640	500
2018.04.10	3415.000	3442.000	3407.500	3415.500	272001	1013643	500
2018.04.11	3420.000	3429.500	3378.500	3380.500	235338	883800	500
2018.04.12	3375.000	3425.000	3370.500	3418.000	218824	828516	500
2018.04.13	3407.000	3436.000	3402.500	3428.000	207721	737896	500
2018.04.16	3423.500	3440.500	3411.000	3423.000	191683	664717	500
2018.04.17	3420.500	3425.000	3394.000	3411.500	192595	663733	500
2018.04.18	3401.000	3406.000	3376.500	3384.000	179591	648704	500
2018.04.19	3386.500	3413.500	3384.000	3389.500	200036	724619	500
2018.04.20	3397.000	3420.000	3396.500	3416.000	175076	653707	500
2018.04.23	3431.500	3456.500	3426.500	3455.000	195845	706961	500
2018.04.24	3441.000	3482.500	3438.000	3475.500	270092	1059782	500
2018.04.25	3500.500	3517.000	3483.500	3486.500	296614	1065619	500
2018.04.26	3485.000	3509.000	3475.500	3477.000	275076	1078872	500
2018.04.27	3472.000	3482.000	3456.500	3457.000	198317	726117	500
2018.04.30	3482.500	3520.500	3475.000	3518.000	171131	642682	500
2018.05.02	3535.500	3565.000	3528.000	3563.500	272050	1051703	500
2018.05.03	3532.500	3577.000	3530.000	3538.000	294193	1039784	500
2018.05.04	3547.000	3558.000	3523.500	3539.000	269339	899439	500
2018.05.07	3552.000	3567.000	3545.500	3560.000	192571	639645	500
2018.05.08	3568.500	3602.000	3564.000	3571.000	289876	1042454	500
2018.05.09	3571.500	3617.500	3567.000	3599.000	284949	1029390	500
2018.05.10	3589.000	3591.500	3550.000	3557.000	256177	894294	500
2018.05.11	3557.000	3618.000	3551.000	3607.000	299434	1122916	500
2018.05.14	3586.500	3646.500	3578.500	3629.000	286779	1020930	500
2018.05.15	3656.000	3698.000	3647.500	3659.000	371735	1311610	500
2018.05.16	3669.000	3699.500	3666.500	3680.500	310374	1074713	500
2018.05.17	3657.500	3717.000	3655.000	3701.000	341657	1187844	500
2018.05.18	3716.500	3780.500	3713.000	3741.500	365735	1288193	500
2018.05.21	3704.000	3730.500	3676.000	3680.500	315212	1018557	500
2018.05.22	3666.000	3670.500	3632.000	3650.000	267039	917958	500
2018.05.23	3678.500	3681.000	3619.500	3630.000	341024	1182660	500
2018.05.24	3655.500	3657.000	3631.500	3647.500	259517	881768	500
2018.05.25	3656.500	3679.000	3642.500	3652.000	267249	959399	500
2018.05.28	3663.000	3747.000	3661.500	3735.500	268515	792735	500
2018.05.29	3767.500	3771.500	3713.500	3726.500	377836	1242664	500
2018.05.30	3707.000	3779.500	3702.500	3735.500	321149	1007839	500
2018.06.01	3758.000	3781.500	3732.500	3775.000	326318	952012	500
2018.06.04	3760.000	3765.000	3737.000	3756.500	247614	766962	500
2018.06.05	3775.000	3828.000	3768.000	3818.500	394622	1284630	500
2018.06.06	3817.500	3865.000	3814.000	3859.000	418900	1147311	500
2018.06.07	3868.000	3977.500	3860.500	3913.000	610673	1673952	500
2018.06.08	3858.500	3867.000	3703.500	3718.500	624778	1513580	500
2018.06.11	3726.500	3739.000	3681.500	3718.000	416569	1072724	500
2018.06.12	3724.000	3736.500	3678.000	3724.500	405971	1033956	500
2018.06.13	3713.500	3743.500	3691.000	3726.500	368541	1066000	500
2018.06.14	3708.500	3822.000	3692.000	3811.500	463480	1346109	500
2018.06.15	3770.000	3809.500	3721.000	3735.000	388503	1095140	500
2018.06.18	3751.000	3770.000	3735.000	3751.500	287778	753431	500
2018.06.19	3786.500	3787.500	3721.500	3751.000	325396	887676	500
2018.06.20	3753.000	3790.000	3709.500	3775.000	361704	1002814	500
2018.06.21	3793.000	3806.000	3755.000	3772.000	380257	999063	500
2018.06.22	3758.000	3791.500	3738.500	3787.000	269863	785602	500
2018.06.25	3778.500	3788.500	3763.000	3777.500	269967	744989	500
2018.06.26	3785.500	3806.000	3763.000	3799.500	277300	790262	500
2018.06.27	3793.500	3879.000	3791.000	3861.500	335647	1037091	500
2018.06.28	3853.500	3878.500	3835.500	3863.000	330856	944537	500
2018.06.29	3858.500	3892.000	3841.000	3889.000	291991	802729	500
2018.07.02	3902.500	3931.000	3892.500	3924.500	264938	736629	500
2018.07.03	3895.500	3912.000	3883.500	3907.500	250472	695108	500
2018.07.04	3911.500	3929.500	3896.000	3924.000	182457	499541	500
2018.07.05	3905.000	3952.000	3896.500	3943.000	301047	893766	500
2018.07.06	3951.000	3963.000	3870.000	3873.500	317693	984478	500
2018.07.10	3893.000	3895.500	3802.500	3825.500	349491	1081186	500
2018.07.11	3849.500	3893.500	3822.000	3885.000	355835	1059203	500
2018.07.12	3866.500	3910.500	3844.500	3891.000	395717	1186167	500
2018.07.13	3897.000	3908.000	3852.500	3860.500	351949	1090841	500
2018.07.16	3851.500	3879.000	3842.000	3868.500	308236	891798	500
2018.07.17	3877.000	3886.000	3844.500	3845.000	324095	955820	500
2018.07.18	3858.500	3869.500	3825.000	3856.000	313399	962117	500
2018.07.19	3875.000	3898.000	3827.500	3835.500	372436	1157350	500
2018.07.20	3815.000	3817.000	3763.000	3771.500	328048	1022073	500
2018.07.23	3779.500	3807.000	3776.000	3786.500	252363	716071	500
2018.07.24	3776.000	3780.500	3735.000	3751.500	311035	948351	500
2018.07.25	3726.500	3732.000	3690.500	3690.500	306334	982688	500
2018.07.26	3708.500	3750.500	3701.000	3748.500	287351	909913	500
2018.07.27	3743.500	3744.000	3707.500	3711.000	258930	781025	500
2018.07.30	3695.000	3733.500	3695.000	3731.000	223222	656419	500
2018.07.31	3738.000	3777.000	3736.500	3769.000	266359	816032	500
2018.08.01	3765.500	3783.000	3743.500	3762.500	282267	885111	500
2018.08.02	3786.000	3794.000	3761.500	3764.000	263536	845036	500
2018.08.03	3757.000	3763.000	3712.000	3720.000	289406	959222	500
2018.08.06	3717.000	3748.500	3702.500	3748.500	217715	687216	500
2018.08.07	3728.500	3782.000	3713.500	3761.000	331421	1101663	500
2018.08.08	3768.500	3783.000	3745.000	3781.500	322963	1019315	500
2018.08.09	3799.000	3829.500	3786.500	3811.500	330568	1052711	500
2018.08.10	3839.500	3883.000	3833.500	3868.500	408736	1300368	500
2018.08.13	3910.000	3937.500	3887.000	3893.000	440805	1367333	500
2018.08.14	3869.000	3911.500	3867.000	3874.500	388396	1255130	500
2018.08.15	3908.000	3935.000	3886.000	3910.500	442003	1459371	500
2018.08.16	3894.000	3935.000	3874.500	3914.000	395202	1306766	500
2018.08.17	3932.500	3959.500	3915.500	3919.000	362801	1183811	500
2018.08.20	3923.500	3977.500	3921.000	3973.500	333981	1124089	500
2018.08.21	3961.000	4058.000	3960.500	4055.000	439335	1468490	500
2018.08.22	4042.500	4095.500	4035.500	4046.000	510569	1572011	500
2018.08.23	4069.000	4132.000	4044.500	4118.500	494865	1575780	500
2018.08.24	4098.000	4136.000	4076.500	4108.000	471842	1475994	500
2018.08.27	4110.000	4120.000	4052.000	4082.500	397901	1253699	500
2018.08.28	4072.500	4150.500	4066.500	4141.000	464764	1504264	500
2018.08.29	4162.500	4167.000	4106.000	4109.000	441838	1381386	500
2018.08.30	4127.000	4215.500	4120.500	4150.000	556905	1760163	500
2018.08.31	4174.000	4188.000	4062.000	4065.000	474111	1380776	500
2018.09.03	4103.000	4172.000	4094.500	4168.000	292709	770350	500
2018.09.04	4200.000	4204.000	4148.000	4171.000	494898	1452488	500
2018.09.05	4191.000	4196.500	4122.000	4155.000	504581	1462563	500
2018.09.06	4140.000	4174.000	4045.000	4069.500	498674	1418841	500
2018.09.10	4075.000	4135.000	4061.000	4095.000	465286	1317900	500
2018.09.11	4141.000	4186.000	4139.000	4160.000	471724	1306536	500
2018.09.12	4126.000	4174.000	4117.000	4167.500	458673	1344222	500
2018.09.13	4150.000	4216.500	4132.000	4213.000	487105	1456588	500
2018.09.14	4211.000	4216.500	4164.500	4180.000	443664	1256536	500
2018.09.17	4199.000	4208.500	4121.500	4139.000	455222	1321336	500
2018.09.18	4133.500	4169.000	4123.000	4167.000	416908	1196200	500
2018.09.19	4173.500	4180.000	4103.000	4130.500	412980	1215184	500
2018.09.20	4115.500	4125.500	4073.000	4079.000	429359	1234001	500
2018.09.21	4086.000	4098.000	4030.000	4055.000	457577	1383974	500
2018.09.24	4061.000	4098.000	4038.000	4091.500	430749	1229500	500
2018.09.25	4128.000	4143.000	4068.500	4077.000	481699	1397075	500
2018.09.26	4080.000	4094.000	4009.000	4034.500	532675	1526138	500
2018.09.27	4037.000	4055.000	3966.500	4013.000	506820	1560709	500
2018.09.28	4044.500	4066.000	3997.000	4059.000	473990	1371299	500
2018.10.01	4055.500	4071.000	4013.000	4027.500	495694	1410892	500
2018.10.02	3992.500	4006.000	3914.000	3950.000	548463	1728271	500
2018.10.03	3866.500	3929.500	3830.500	3910.000	625464	1898606	500
2018.10.04	3932.500	3943.000	3881.000	3881.500	603569	1776931	500
2018.10.05	3855.000	3903.000	3844.000	3844.000	479945	1402313	500
2018.10.08	3738.500	3789.500	3716.000	3781.500	537529	1496423	500
2018.10.09	3789.000	3797.500	3707.500	3721.500	574693	1680705	500
2018.10.10	3742.500	3775.000	3730.500	3762.500	529494	1485769	500
2018.10.11	3725.500	3792.000	3721.000	3789.500	573541	1551123	500
2018.10.15	3764.000	3770.500	3718.500	3740.000	435153	1241389	500
2018.10.16	3725.000	3735.000	3695.500	3730.000	487606	1392844	500
2018.10.17	3745.000	3750.000	3667.500	3690.500	546683	1592102	500
2018.10.18	3695.500	3736.000	3676.500	3725.000	522113	1545841	500
2018.10.19	3709.500	3729.500	3690.500	3718.000	472128	1390833	500
2018.10.22	3698.000	3722.500	3672.000	3689.500	399625	1110946	500
2018.10.23	3700.000	3724.500	3688.000	3695.000	507382	1418887	500
2018.10.24	3700.000	3747.500	3683.500	3734.500	521743	1552641	500
2018.10.25	3720.000	3734.500	3683.000	3707.500	490542	1470145	500
2018.10.26	3723.000	3731.500	3640.500	3645.000	558719	1764600	500
2018.10.29	3594.500	3723.000	3581.000	3721.000	712302	2225127	500
2018.10.30	3691.000	3736.500	3678.000	3700.000	593714	1779493	500
2018.10.31	3697.000	3754.500	3696.500	3732.000	531534	1610292	500
2018.11.01	3708.000	3721.500	3688.000	3705.500	463173	1400224	500
2018.11.05	3701.000	3743.500	3698.500	3731.500	421438	1205945	500
2018.11.06	3733.000	3777.000	3733.000	3767.500	469520	1448986	500
2018.11.07	3742.500	3794.000	3729.000	3738.500	538480	1726712	500
2018.11.08	3746.500	3768.500	3722.000	3764.500	478093	1434100	500
2018.11.09	3775.500	3781.000	3730.500	3739.000	448457	1274155	500
2018.11.12	3751.000	3774.500	3741.500	3769.000	342123	943935	500
2018.11.13	3761.500	3836.500	3759.000	3810.000	545816	1679031	500
2018.11.14	3801.500	3824.000	3771.000	3788.000	572477	1625154	500
2018.11.16	3778.000	3786.500	3734.000	3746.500	454533	1320081	500
2018.11.19	3749.000	3775.000	3744.500	3760.000	399518	1150188	500
2018.11.21	3772.000	3804.500	3769.000	3799.000	453677	1365764	500
2018.11.22	3791.500	3826.500	3791.000	3802.500	343676	1055702	500
2018.11.23	3815.000	3833.500	3796.000	3830.000	373530	1121136	500
2018.11.26	3820.000	3949.500	3818.000	3943.000	540255	1819398	500
2018.11.27	3917.500	3927.000	3863.000	3878.000	502067	1474816	500
2018.11.28	3882.000	3887.500	3831.500	3850.000	534588	1548092	500
2018.11.29	3843.000	3874.000	3832.500	3852.000	458592	1322246	500
2018.11.30	3863.000	3893.000	3843.000	3866.500	461754	1352314	500
2018.12.03	3826.500	3850.000	3819.500	3845.000	445074	1300802	500
2018.12.04	3832.000	3871.000	3821.000	3856.500	458716	1385404	500
2018.12.05	3850.000	3886.500	3838.000	3872.500	371071	1106881	500
2018.12.06	3895.000	3947.000	3876.500	3882.000	558163	1695257	500
2018.12.07	3883.000	3928.000	3861.000	3910.500	506409	1476987	500
2018.12.10	3908.000	3947.500	3894.000	3922.000	512371	1513891	500
2018.12.11	3907.000	3926.000	3891.500	3904.500	443595	1269373	500
2018.12.12	3895.000	3901.500	3839.000	3857.500	491125	1434379	500
2018.12.13	3859.500	3901.000	3854.000	3893.500	432381	1327769	500
2018.12.14	3913.500	3923.000	3891.000	3917.000	374792	1122533	500
2018.12.17	3910.500	3929.500	3880.000	3900.500	397105	1177824	500
2018.12.18	3898.000	3918.000	3885.000	3913.500	404753	1224580	500
2018.12.19	3902.000	3914.000	3864.500	3897.000	425041	1311890	500
2018.12.20	3870.000	3876.000	3833.500	3842.000	404727	1273466	500
2018.12.21	3856.000	3907.000	3844.500	3902.500	398718	1242554	500
2018.12.26	3899.000	3937.500	3892.000	3919.000	334259	1017206	500
2018.12.27	3923.500	3940.000	3869.000	3874.000	391740	1252128	500
2018.12.28	3880.000	3901.500	3836.000	3883.000	264027	780854	500
2019.01.02	3890.000	3904.000	3778.500	3790.500	390831	1267470	500
2019.01.03	3804.000	3815.500	3745.000	3763.500	426635	1255482	500
2019.01.04	3751.000	3791.500	3714.500	3721.500	445125	1331650	500
2019.01.07	3722.000	3743.500	3695.500	3741.500	400331	1265547	500
2019.01.08	3745.500	3747.500	3708.500	3718.000	401582	1231465	500
2019.01.09	3711.000	3716.000	3680.000	3690.500	388004	1188116	500
2019.01.10	3695.000	3730.500	3679.000	3716.000	411702	1326367	500
2019.01.11	3700.000	3733.500	3696.000	3715.500	366740	1163572	500
2019.01.14	3723.500	3738.000	3687.000	3703.000	388227	1283387	500
2019.01.15	3706.000	3735.000	3698.000	3719.500	428950	1398735	500
2019.01.16	3717.500	3740.000	3711.000	3738.000	391034	1284618	500
2019.01.17	3736.500	3776.500	3729.000	3750.500	472124	1686996	500
2019.01.18	3748.000	3775.000	3729.000	3755.000	416327	1429633	500
2019.01.21	3761.000	3782.000	3755.000	3756.500	217487	697709	500
2019.01.22	3768.000	3819.000	3747.500	3818.000	445888	1586847	500
2019.01.23	3801.500	3813.500	3757.500	3769.000	447346	1604892	500
2019.01.24	3773.000	3796.000	3739.000	3774.500	448832	1605941	500
2019.01.28	3780.000	3787.500	3751.500	3762.000	392932	1343132	500
2019.01.29	3766.000	3766.500	3715.500	3720.000	372279	1295532	500
2019.01.30	3715.500	3732.000	3673.000	3684.000	433570	1498989	500
2019.01.31	3685.000	3688.500	3643.500	3651.000	427491	1480044	500
2019.02.01	3659.500	3687.500	3643.500	3665.000	412290	1380827	500
2019.02.04	3672.000	3693.500	3665.500	3675.000	354033	1216742	500
2019.02.05	3671.000	3689.500	3666.000	3674.000	334706	1093060	500
2019.02.06	3685.500	3720.500	3685.500	3703.000	385154	1353989	500
2019.02.07	3711.000	3743.000	3705.500	3723.500	438241	1539750	500
2019.02.08	3723.000	3753.500	3708.500	3736.000	396075	1429394	500
2019.02.11	3737.500	3779.500	3733.000	3761.000	387784	1391126	500
2019.02.12	3750.000	3752.000	3707.000	3714.500	379656	1416935	500
2019.02.13	3719.000	3767.000	3717.000	3759.500	385278	1391702	500
2019.02.14	3755.500	3798.500	3718.500	3727.000	472141	1705710	500
2019.02.15	3719.500	3729.500	3701.500	3704.000	351410	1230062	500
2019.02.18	3719.500	3745.000	3714.000	3737.000	242621	774734	500
2019.02.19	3740.000	3747.000	3706.000	3725.000	365716	1225299	500
2019.02.20	3723.000	3739.000	3692.500	3728.000	417148	1517251	500
2019.02.21	3721.000	3773.500	3718.000	3772.000	400979	1510179	500
2019.02.22	3759.000	3767.000	3727.500	3749.500	325217	1210837	500
2019.02.25	3729.500	3752.000	3719.500	3752.000	307936	1133949	500
2019.02.26	3753.500	3767.000	3738.500	3744.000	417283	1565116	500
2019.02.27	3743.500	3747.000	3722.000	3728.000	367610	1424638	500
2019.02.28	3742.500	3765.000	3723.500	3758.500	414408	1643644	500
2019.03.01	3757.000	3802.000	3752.000	3781.000	379149	1592653	500
2019.03.06	3801.000	3851.000	3787.000	3846.500	218412	940629	500
2019.03.07	3845.000	3909.000	3822.500	3876.500	478846	2021936	500
2019.03.08	3873.000	3909.000	3855.500	3873.500	394722	1511740	500
2019.03.11	3860.000	3865.000	3839.000	3845.000	345448	1284577	500
2019.03.12	3847.500	3849.500	3807.000	3816.500	347636	1357203	500
2019.03.13	3808.500	3839.000	3805.000	3818.500	392768	1542153	500
2019.03.14	3826.000	3858.500	3821.000	3847.000	345337	1281890	500
2019.03.15	3841.000	3874.500	3810.500	3816.000	378617	1392966	500
2019.03.18	3810.000	3830.000	3786.500	3793.500	371809	1321425	500
2019.03.19	3788.500	3802.000	3767.000	3791.500	386940	1433808	500
2019.03.20	3787.500	3800.500	3740.000	3777.000	445983	1602756	500
2019.03.21	3786.500	3839.000	3765.000	3795.000	513510	1891740	500
2019.03.22	3865.000	3918.000	3855.000	3908.000	555158	1858062	500
2019.03.25	3933.000	3938.500	3845.000	3851.000	469379	1656465	500
2019.03.26	3851.500	3880.500	3834.500	3877.500	439837	1547718	500
2019.03.27	3921.000	4002.500	3905.000	3993.500	568899	2031850	500
2019.03.28	3991.500	4018.000	3898.500	3901.000	577264	1744328	500
2019.03.29	3886.000	3941.500	3875.500	3930.000	431888	1237117	500
2019.04.01	3900.000	3901.000	3856.500	3859.500	268297	903621	500
2019.04.02	3860.000	3886.500	3855.500	3860.500	389214	1221379	500
2019.04.03	3841.500	3889.000	3841.000	3876.500	352969	1108529	500
2019.04.04	3877.000	3895.000	3855.000	3860.500	373990	1180951	500
2019.04.05	3863.000	3884.000	3849.500	3879.000	327693	1025388	500
2019.04.08	3874.000	3883.500	3848.500	3855.500	306660	1004395	500
2019.04.09	3859.000	3870.000	3852.500	3856.000	300248	1000182	500
2019.04.10	3842.500	3853.000	3820.000	3831.000	313363	1031584	500
2019.04.11	3842.000	3868.000	3836.000	3863.000	297137	990902	500
2019.04.12	3884.000	3912.000	3863.500	3886.000	360440	1258681	500
2019.04.15	3884.000	3894.500	3863.000	3876.000	338183	1231402	500
2019.04.16	3880.000	3911.000	3878.500	3907.000	336190	1196663	500
2019.04.17	3892.000	3951.500	3889.500	3942.000	396551	1495528	500
2019.04.18	3926.000	3955.000	3907.000	3925.000	321733	1124266	500
2019.04.22	3928.000	3942.000	3916.000	3939.000	230096	796818	500
2019.04.23	3933.000	3966.000	3914.500	3923.000	357018	1292685	500
2019.04.24	3921.500	3996.500	3919.500	3994.000	414273	1563470	500
2019.04.25	4002.000	4008.000	3948.500	3952.500	367339	1295767	500
2019.04.26	3958.000	3976.500	3921.000	3929.500	315838	1103878	500
2019.04.29	3928.500	3946.500	3921.500	3946.500	264341	925527	500
2019.04.30	3940.000	3967.000	3923.000	3930.500	302328	1093982	500
2019.05.02	3943.500	3981.500	3936.500	3977.500	318825	1200623	500
2019.05.03	3971.500	3977.500	3941.000	3948.500	301989	1112732	500
2019.05.06	3972.500	3984.000	3957.000	3976.000	295324	1023903	500
2019.05.07	3973.500	4009.500	3972.500	3979.000	393093	1467443	500
2019.05.08	3987.000	3988.000	3934.000	3937.000	370922	1375476	500
2019.05.09	3951.000	3989.500	3940.000	3955.000	415826	1601863	500
2019.05.10	3953.500	3981.000	3940.000	3960.000	409981	1535145	500
2019.05.13	3983.500	4013.500	3980.000	4003.500	444489	1538053	500
2019.05.14	3995.000	4002.000	3973.000	3982.000	378072	1330367	500
2019.05.15	4006.500	4028.000	3980.500	4010.000	447532	1648431	500
2019.05.16	4009.000	4061.500	4000.500	4054.000	429401	1576902	500
2019.05.17	4061.500	4118.500	4053.500	4105.500	538826	2001966	500
2019.05.20	4092.000	4127.000	4083.000	4102.500	460112	1602392	500
2019.05.21	4097.000	4117.500	4037.500	4043.500	444473	1663533	500
2019.05.22	4046.000	4055.000	4010.500	4044.000	396442	1475798	500
2019.05.23	4061.500	4074.000	4028.000	4043.500	399424	1526637	500
2019.05.24	4042.000	4050.000	4011.000	4026.500	362785	1345176	500
2019.05.27	4017.000	4046.000	4006.500	4045.000	212814	748526	500
2019.05.28	4041.000	4055.000	4012.000	4024.500	373827	1445850	500
2019.05.29	4040.000	4042.000	3969.000	3975.000	366396	1485555	500
2019.05.30	3975.000	3994.000	3955.000	3983.000	356148	1282552	500
2019.05.31	4007.000	4008.000	3918.500	3934.500	419746	1599361	500
2019.06.03	3941.500	3944.000	3891.000	3894.500	343439	1378805	500
2019.06.04	3897.000	3897.000	3857.000	3862.500	378703	1416448	500
2019.06.05	3865.500	3910.000	3845.000	3889.000	447444	1732294	500
2019.06.06	3880.500	3894.500	3863.500	3887.000	391038	1361249	500
2019.06.07	3887.000	3892.000	3856.000	3885.000	324687	1149155	500
2019.06.10	3899.500	3905.000	3873.000	3894.500	301347	1037158	500
2019.06.11	3885.000	3890.000	3847.500	3862.500	297336	1103657	500
2019.06.12	3869.500	3876.500	3834.500	3871.000	367487	1440602	500
2019.06.13	3855.000	3869.000	3838.500	3853.000	319415	1228671	500
2019.06.14	3860.000	3917.000	3852.000	3899.000	419811	1681994	500
2019.06.17	3897.000	3927.500	3883.500	3891.500	353807	1380980	500
2019.06.18	3878.000	3881.000	3851.500	3863.000	307215	1155924	500
2019.06.19	3870.000	3886.500	3841.000	3841.500	339445	1419429	500
2019.06.21	3833.000	3848.000	3815.500	3823.500	299290	1065919	500
2019.06.24	3832.000	3839.000	3809.000	3826.000	306448	1166419	500
2019.06.25	3829.000	3858.000	3820.000	3847.000	368710	1434257	500
2019.06.26	3836.500	3856.500	3832.500	3843.500	325890	1233776	500
2019.06.27	3863.000	3872.500	3819.000	3820.000	325538	1276793	500
2019.06.28	3829.500	3861.500	3828.000	3861.500	250488	972947	500
2019.07.01	3845.000	3858.500	3820.000	3852.500	285949	1127247	500
2019.07.02	3851.000	3890.000	3827.500	3854.000	435035	1803472	500
2019.07.03	3875.500	3883.500	3825.000	3835.500	362620	1361886	500
2019.07.04	3811.000	3816.500	3792.500	3809.500	244638	890024	500
2019.07.05	3807.500	3845.500	3804.500	3829.500	297354	1202485	500
2019.07.08	3825.500	3826.000	3806.500	3810.000	218895	894731	500
2019.07.10	3795.500	3798.000	3756.500	3759.000	346006	1526720	500
2019.07.11	3744.000	3772.500	3740.500	3761.000	337048	1541848	500
2019.07.12	3765.000	3769.000	3735.500	3742.000	296745	1315474	500
2019.07.15	3737.500	3765.000	3733.500	3761.500	224285	965770	500
2019.07.16	3758.000	3776.000	3757.000	3773.500	264109	1124671	500
2019.07.17	3770.000	3771.500	3759.000	3768.000	201315	933326	500
2019.07.18	3764.000	3767.500	3721.000	3721.500	247949	1248086	500
2019.07.19	3736.000	3757.000	3734.500	3750.000	245683	1153299	500
2019.07.22	3747.000	3750.500	3732.500	3744.000	186287	760798	500
2019.07.23	3745.000	3782.000	3743.500	3776.000	270795	1270064	500
2019.07.24	3768.000	3780.000	3754.000	3774.500	220228	986379	500
2019.07.25	3766.000	3807.500	3757.000	3780.000	321832	1476919	500
2019.07.26	3778.000	3795.500	3761.000	3777.000	254629	1071034	500
2019.07.29	3785.500	3801.500	3777.500	3783.000	229842	947205	500
2019.07.30	3786.000	3799.000	3776.000	3791.500	250549	1093972	500
2019.07.31	3791.000	3832.000	3757.000	3823.000	453809	2018340	500
2019.08.01	3836.000	3869.500	3820.000	3850.000	411677	1557822	500
2019.08.02	3860.000	3901.500	3857.000	3894.500	377359	1551014	500
2019.08.05	3931.500	3988.000	3922.000	3983.500	395754	1581242	500
2019.08.06	3950.500	3994.000	3945.000	3969.000	389830	1559175	500
2019.08.07	3951.000	4000.000	3951.000	3976.000	415379	1700720	500
2019.08.08	3966.000	3975.000	3926.000	3928.000	371631	1494824	500
2019.08.09	3938.500	3957.000	3930.000	3949.000	353272	1392292	500
2019.08.12	4000.000	4020.000	3981.500	3992.000	368364	1487301	500
2019.08.13	3995.000	4019.000	3952.000	3969.500	476155	1984121	500
2019.08.14	4001.000	4060.000	3992.500	4057.500	455268	1928064	500
2019.08.15	4024.000	4050.000	3986.000	3997.500	505742	2119239	500
2019.08.16	3985.500	4013.000	3980.500	4011.000	338275	1361093	500
2019.08.19	4001.000	4080.500	3995.500	4079.000	458987	1889380	500
2019.08.20	4068.000	4078.500	4030.000	4057.500	445131	1706946	500
2019.08.21	4032.000	4042.000	4017.500	4029.000	394603	1585683	500
2019.08.22	4034.500	4084.000	4020.000	4072.500	430785	1719321	500
2019.08.23	4072.000	4133.000	4052.500	4122.500	585141	2336786	500
2019.08.26	4108.000	4169.500	4103.000	4156.500	461040	1820515	500
2019.08.27	4152.000	4194.500	4121.000	4130.000	565272	2027877	500
2019.08.28	4142.000	4169.500	4131.000	4169.000	403910	1461634	500
2019.08.29	4164.000	4177.500	4143.000	4171.000	414335	1479860	500
2019.08.30	4155.500	4171.500	4128.500	4147.500	375978	1358872	500
2019.09.02	4149.000	4197.500	4148.000	4193.500	234928	850091	500
2019.09.03	4185.000	4193.000	4158.000	4175.000	363236	1364260	500
2019.09.04	4144.000	4159.500	4095.500	4101.000	335709	1264216	500
2019.09.05	4092.000	4121.500	4076.000	4115.500	349576	1310659	500
2019.09.06	4100.000	4103.000	4060.500	4068.000	318663	1186051	500
2019.09.09	4053.500	4110.000	4053.000	4101.000	323577	1216069	500
2019.09.10	4098.500	4135.000	4084.000	4086.500	404346	1573572	500
2019.09.11	4098.000	4098.500	4056.500	4072.000	371041	1395449	500
2019.09.12	4050.000	4075.500	4031.500	4064.500	405097	1565173	500
2019.09.13	4051.000	4098.500	4046.000	4088.500	348823	1298554	500
2019.09.16	4096.500	4109.500	4078.500	4084.000	312171	1123336	500
2019.09.17	4093.500	4119.500	4075.000	4079.500	374297	1378586	500
2019.09.18	4081.000	4116.500	4075.000	4114.000	391130	1512267	500
2019.09.19	4134.000	4171.000	4127.500	4170.500	375572	1435316	500
2019.09.20	4167.000	4185.500	4148.000	4151.000	366572	1466634	500
2019.09.23	4147.500	4186.500	4145.500	4165.500	293695	1146944	500
2019.09.24	4154.000	4185.500	4153.000	4165.000	333987	1305831	500
2019.09.25	4186.000	4195.000	4145.500	4149.000	340896	1351387	500
2019.09.26	4149.000	4173.500	4122.500	4172.000	355244	1398457	500
2019.09.27	4165.000	4168.000	4145.500	4155.500	283138	1112868	500
2019.09.30	4165.500	4180.500	4151.000	4162.500	247896	975275	500
2019.10.01	4173.000	4193.500	4162.000	4165.500	327113	1318072	500
2019.10.02	4185.000	4186.000	4136.000	4136.500	360041	1429640	500
2019.10.03	4136.500	4138.500	4082.500	4092.500	358693	1461300	500
2019.10.04	4089.000	4095.000	4058.000	4065.000	299712	1118143	500
2019.10.07	4076.000	4117.000	4065.500	4115.000	314771	1270369	500
2019.10.08	4118.500	4119.500	4080.000	4102.000	343225	1300409	500
2019.10.09	4083.500	4117.000	4077.000	4115.500	297887	1121828	500
2019.10.10	4107.000	4143.000	4095.500	4115.500	405934	1624571	500
2019.10.11	4097.500	4132.000	4085.500	4110.500	372351	1367833	500
2019.10.14	4117.000	4143.000	4114.000	4131.500	258288	912424	500
2019.10.15	4128.000	4187.000	4127.000	4185.000	309441	1174295	500
2019.10.16	4179.000	4191.500	4152.000	4156.500	327432	1171763	500
2019.10.17	4149.000	4186.000	4132.000	4168.000	398412	1510251	500
2019.10.18	4162.000	4168.000	4115.000	4117.500	350018	1336590	500
2019.10.21	4123.000	4156.000	4121.000	4133.500	310254	1127232	500
2019.10.22	4130.500	4131.500	4065.000	4084.000	392950	1452826	500
2019.10.23	4086.500	4095.000	4031.500	4036.500	386565	1414235	500
2019.10.24	4032.000	4047.000	4000.500	4041.500	401148	1476362	500
2019.10.25	4026.500	4035.000	3994.000	4005.500	333802	1260731	500
2019.10.28	4007.000	4011.000	3974.000	3992.000	310770	1114063	500
2019.10.29	3994.000	4006.500	3984.000	3999.500	347797	1287704	500
2019.10.30	4005.000	4032.000	3981.500	3992.000	414008	1655671	500
2019.10.31	3981.500	4044.500	3972.000	4024.000	424788	1642436	500
2019.11.01	4012.500	4017.000	3976.500	3997.000	351318	1400944	500
2019.11.04	3985.000	4026.000	3982.000	4019.500	337022	1226207	500
2019.11.05	4007.000	4030.000	3990.000	4000.000	396360	1475739	500
2019.11.06	3999.500	4094.000	3982.500	4086.500	494763	1813447	500
2019.11.07	4059.500	4109.500	4048.000	4106.500	501456	1861653	500
2019.11.08	4123.000	4176.000	4114.000	4169.500	415124	1601343	500
2019.11.11	4165.000	4176.500	4141.000	4159.000	361463	1293804	500
2019.11.12	4150.500	4192.500	4148.000	4174.000	423257	1538967	500
2019.11.13	4180.000	4195.000	4167.500	4177.000	405674	1526485	500
2019.11.14	4178.000	4204.000	4168.000	4199.500	354932	1393507	500
2019.11.18	4180.000	4225.000	4173.500	4224.500	313605	1245373	500
2019.11.19	4211.500	4223.000	4190.500	4198.000	399353	1526991	500
2019.11.21	4206.000	4226.500	4187.000	4197.500	462958	1770544	500
2019.11.22	4197.500	4203.500	4175.500	4200.000	357763	1343409	500
2019.11.25	4196.000	4233.500	4190.500	4229.000	344996	1393497	500
2019.11.26	4248.000	4278.000	4229.000	4233.500	505967	1914798	500
2019.11.27	4228.500	4271.500	4228.000	4264.500	383787	1537236	500
2019.11.28	4253.000	4261.500	4186.500	4190.000	328241	1121800	500
2019.11.29	4204.000	4252.000	4189.000	4243.500	362197	1444878	500
2019.12.02	4258.000	4260.000	4214.500	4230.000	347423	1260968	500
2019.12.03	4217.000	4220.000	4191.500	4212.000	404732	1614166	500
2019.12.04	4198.500	4215.500	4188.000	4213.000	349917	1336021	500
2019.12.05	4206.500	4228.000	4181.500	4189.000	391703	1605962	500
2019.12.06	4185.000	4199.000	4139.000	4145.500	373687	1468968	500
2019.12.09	4148.500	4164.500	4128.500	4145.500	349030	1311717	500
2019.12.10	4141.500	4155.000	4136.500	4150.500	293071	1140533	500
2019.12.11	4144.000	4146.500	4112.000	4127.000	381139	1598418	500
2019.12.12	4117.000	4134.000	4084.500	4092.500	437315	1697834	500
2019.12.13	4085.000	4120.000	4076.500	4111.000	417722	1646451	500
2019.12.16	4103.000	4104.500	4056.000	4062.500	328516	1340652	500
2019.12.17	4062.000	4078.500	4051.500	4069.500	321509	1261113	500
2019.12.18	4072.000	4076.500	4046.000	4064.000	314464	1247711	500
2019.12.19	4066.000	4071.500	4052.000	4071.000	269182	1054031	500
2019.12.20	4071.000	4104.500	4059.000	4104.500	293611	1172546	500
2019.12.23	4091.500	4096.500	4058.000	4083.500	249057	1005850	500
2019.12.26	4075.500	4083.500	4046.000	4056.000	229823	848194	500
2019.12.27	4046.500	4060.500	4034.500	4043.500	230191	863258	500
2019.12.30	4040.500	4051.000	4013.500	4025.000	162200	602273	500
2020.01.02	4016.500	4046.000	4008.500	4030.500	275245	1058201	500
2020.01.03	4066.000	4075.500	4037.500	4062.500	295407	1057511	500
2020.01.06	4062.000	4080.500	4053.000	4067.500	296979	1171097	500
2020.01.07	4066.000	4098.500	4061.000	4074.500	352187	1378842	500
2020.01.08	4066.500	4083.500	4045.500	4069.000	385724	1498060	500
2020.01.09	4062.500	4100.000	4062.500	4098.500	345105	1317305	500
2020.01.10	4089.000	4110.000	4067.000	4101.000	335834	1344742	500
2020.01.13	4094.000	4152.000	4093.500	4152.000	384501	1509503	500
2020.01.14	4148.000	4166.000	4126.500	4137.500	376048	1484710	500
2020.01.15	4150.500	4190.000	4143.000	4180.000	426546	1592384	500
2020.01.16	4173.500	4204.500	4164.000	4189.000	376197	1408937	500
2020.01.17	4179.500	4196.500	4163.000	4166.000	355740	1302219	500
2020.01.20	4168.500	4195.000	4167.000	4194.500	185344	656895	500
2020.01.21	4201.500	4221.000	4186.000	4215.500	400516	1497317	500
2020.01.22	4203.000	4208.000	4176.000	4185.000	295574	1149610	500
2020.01.23	4189.500	4193.000	4159.000	4173.000	358553	1427541	500
2020.01.24	4170.000	4194.000	4168.000	4183.500	311588	1242885	500
2020.01.27	4213.500	4233.000	4201.000	4209.000	341598	1320596	500
2020.01.28	4205.000	4217.500	4189.000	4195.000	352362	1347976	500
2020.01.29	4198.500	4234.500	4183.000	4232.000	366403	1460292	500
2020.01.30	4246.000	4273.000	4239.000	4244.500	392824	1680905	500
2020.01.31	4266.000	4296.000	4252.500	4289.000	361693	1448683	500
2020.02.03	4276.500	4279.000	4236.500	4253.500	318423	1279996	500
2020.02.04	4239.000	4268.000	4229.500	4261.000	350632	1386029	500
2020.02.05	4252.500	4266.000	4232.500	4241.000	345641	1393414	500
2020.02.06	4223.000	4291.500	4213.500	4288.000	479053	2019939	500
2020.02.07	4300.500	4328.500	4291.500	4327.000	408317	1645707	500
2020.02.10	4316.000	4333.500	4309.000	4330.500	347511	1349615	500
2020.02.11	4317.000	4344.000	4301.500	4334.500	414192	1609426	500
2020.02.12	4323.500	4361.000	4323.500	4359.000	341615	1317010	500
2020.02.13	4380.500	4385.500	4311.500	4353.500	445344	1777958	500
2020.02.14	4326.000	4336.500	4292.500	4300.000	346343	1413800	500
2020.02.17	4309.500	4333.500	4304.500	4329.500	207498	785690	500
2020.02.18	4345.000	4365.500	4339.000	4357.500	312936	1253415	500
2020.02.19	4365.500	4378.000	4360.000	4366.000	259808	1088905	500
2020.02.20	4383.500	4399.500	4359.500	4395.500	366747	1489083	500
2020.02.21	4402.000	4406.500	4373.000	4391.000	331323	1388259	500
2020.02.26	4418.000	4456.000	4405.000	4452.000	288664	1148063	500
2020.02.27	4451.000	4502.000	4448.500	4487.500	507765	2089775	500
2020.02.28	4510.000	4522.500	4473.000	4497.000	471579	1948726	500
2020.03.02	4508.500	4514.500	4477.000	4482.500	429175	1552547	500
2020.03.03	4483.500	4526.000	4460.500	4524.500	533004	1977504	500
2020.03.04	4514.000	4598.000	4511.500	4595.500	447926	1695481	500
2020.03.05	4612.000	4674.500	4595.000	4617.000	545146	1983336	500
2020.03.06	4636.500	4678.500	4617.000	4635.000	509220	1630534	500
2020.03.09	4765.500	4799.000	4713.000	4733.000	740769	1746407	500
2020.03.10	4688.000	4711.000	4642.500	4653.500	543366	1579088	500
2020.03.11	4674.500	4850.500	4661.500	4831.500	584304	1770360	500
2020.03.12	5027.000	5034.000	4755.500	4801.000	762380	1397623	500
2020.03.13	4757.000	4886.000	4648.500	4835.000	794900	1550938	500
2020.03.16	4980.000	5081.000	4885.000	4996.000	862914	1727322	500
2020.03.17	5058.000	5089.000	4960.500	5011.000	938434	1875432	500
2020.03.18	5145.000	5260.000	5057.000	5108.000	1225497	2293468	500
2020.03.19	5199.500	5225.000	5071.000	5097.500	1024615	2004939	500
2020.03.20	5009.500	5069.500	4985.000	5067.500	964046	2029817	500
2020.03.23	5095.000	5150.000	5006.000	5148.500	941861	2038563	500
2020.03.24	5051.000	5108.500	5048.000	5104.000	921817	2189284	500
2020.03.25	5083.500	5110.500	4973.500	5037.000	855784	2265504	500
2020.03.26	5053.500	5066.500	4974.000	5023.500	918086	2281557	500
2020.03.27	5050.000	5128.000	5045.000	5102.500	785013	2130794	500
2020.03.30	5121.000	5198.000	5112.000	5196.500	661376	1770538	500
2020.03.31	5190.000	5223.500	5178.000	5214.000	654247	1846154	500
2020.04.01	5238.500	5283.500	5231.000	5260.500	657770	1873845	500
2020.04.02	5258.000	5294.000	5231.500	5265.500	659842	1840863	500
2020.04.03	5285.000	5365.500	5277.000	5364.000	567552	1590900	500
2020.04.06	5314.500	5319.500	5233.000	5294.500	718242	1968767	500
2020.04.07	5193.000	5259.000	5190.000	5230.500	730234	2063876	500
2020.04.08	5220.500	5255.500	5118.000	5125.000	716394	2071956	500
2020.04.09	5114.500	5159.500	5056.000	5114.000	760824	2068817	500
2020.04.13	5127.500	5214.500	5110.500	5208.000	723736	1952478	500
2020.04.14	5193.000	5218.000	5154.500	5172.000	723224	1933437	500
2020.04.15	5225.000	5274.000	5220.000	5246.500	681547	1859467	500
2020.04.16	5257.000	5273.000	5206.500	5241.500	699680	2034985	500
2020.04.17	5215.000	5280.500	5211.500	5241.000	633016	1811753	500
2020.04.20	5286.000	5323.500	5269.000	5319.000	623068	1744287	500
2020.04.22	5323.500	5468.500	5306.000	5463.500	700003	2284484	500
2020.04.23	5452.000	5560.000	5404.500	5539.000	939381	2652872	500
2020.04.24	5556.000	5751.000	5555.000	5589.000	1212972	3059469	500
2020.04.27	5553.000	5728.500	5536.000	5657.500	999742	2360514	500
2020.04.28	5626.000	5631.000	5472.000	5498.000	1154179	2852915	500
2020.04.29	5468.000	5528.500	5332.500	5334.500	1176908	2783478	500
2020.04.30	5357.000	5499.000	5338.000	5496.000	871433	2192622	500
2020.05.04	5612.000	5622.000	5528.500	5554.000	948283	2280571	500
2020.05.05	5535.500	5613.500	5491.000	5588.000	994851	2527610	500
2020.05.06	5603.000	5732.500	5603.000	5727.000	782382	2050988	500
2020.05.07	5786.000	5884.500	5751.000	5846.500	1107551	2799464	500
2020.05.08	5808.500	5836.000	5725.000	5751.500	1112015	2558962	500
2020.05.11	5793.500	5847.500	5771.000	5824.500	950343	2346323	500
2020.05.12	5800.000	5902.000	5749.000	5894.500	1095899	2743149	500
2020.05.13	5832.500	5949.500	5823.500	5889.000	1151888	2826369	500
2020.05.14	5927.500	5977.500	5808.000	5822.500	1275761	3258487	500
2020.05.15	5875.500	5884.500	5765.500	5861.000	1214134	2908033	500
2020.05.18	5790.500	5808.500	5698.500	5725.000	1073868	2636431	500
2020.05.19	5697.000	5771.500	5686.000	5762.000	1108348	2845463	500
2020.05.20	5725.000	5756.000	5672.500	5695.500	1014348	2814942	500
2020.05.21	5700.000	5708.500	5549.500	5557.500	1105719	3215288	500
2020.05.22	5579.000	5627.500	5524.500	5535.000	1185157	3263560	500
2020.05.25	5508.500	5531.500	5434.500	5445.000	880061	2095293	500
2020.05.26	5375.500	5403.000	5335.500	5355.000	1098688	2949335	500
2020.05.27	5343.000	5361.000	5270.000	5274.500	1158020	3217280	500
2020.05.28	5283.000	5413.000	5282.000	5408.000	1154011	3000459	500
2020.05.29	5390.000	5469.500	5326.000	5346.500	1235969	3318950	500
2020.06.01	5340.000	5425.500	5317.000	5374.000	1243998	3349523	500
2020.06.02	5331.000	5346.000	5205.500	5210.500	1223264	3331557	500
2020.06.03	5215.000	5221.500	5023.000	5073.000	1383698	3925063	500
2020.06.04	5065.000	5149.000	5031.000	5125.000	1587988	4108208	500
2020.06.05	5061.000	5086.000	4940.000	4972.000	1416808	3459788	500
2020.06.08	4967.000	4981.500	4820.500	4820.500	1404723	3818027	500
2020.06.09	4873.500	4941.000	4864.000	4906.000	1336764	3435943	500
2020.06.10	4861.000	4983.500	4841.500	4981.500	1509798	4075493	500
2020.06.12	5092.500	5116.000	5005.500	5055.500	1634666	4216240	500
2020.06.15	5135.000	5229.000	5083.000	5153.500	1596171	4193779	500
2020.06.16	5118.500	5258.500	5052.500	5249.000	1700596	4546598	500
2020.06.17	5230.000	5275.500	5185.500	5229.000	1491369	3842158	500
2020.06.18	5302.500	5391.000	5294.000	5384.500	1291032	3532200	500
2020.06.19	5328.000	5384.000	5290.500	5316.500	1389264	3887789	500
2020.06.22	5294.500	5299.500	5201.500	5255.500	1214737	3422510	500
2020.06.23	5205.000	5228.500	5135.500	5157.000	1155365	3167369	500
2020.06.24	5179.500	5355.500	5166.000	5352.000	1322694	4017992	500
2020.06.25	5377.000	5389.000	5268.000	5365.000	1454500	4018710	500
2020.06.26	5378.500	5493.500	5368.000	5485.000	1271320	3437717	500
2020.06.29	5460.500	5472.500	5390.000	5405.500	1307142	3451716	500
2020.06.30	5431.000	5514.000	5411.000	5465.500	1041891	2913458	500
2020.07.01	5463.000	5482.500	5305.500	5324.000	1175804	3129450	500
2020.07.02	5285.000	5383.500	5273.500	5371.500	1331419	3620336	500
2020.07.03	5353.000	5387.500	5312.500	5318.000	762053	1903837	500
2020.07.06	5276.500	5368.500	5268.000	5364.500	1068566	3118845	500
2020.07.07	5394.500	5408.000	5295.500	5381.000	1250776	3916318	500
2020.07.08	5367.500	5399.500	5324.000	5343.000	1260278	3717295	500
2020.07.09	5338.000	5384.000	5251.500	5348.000	1373725	3744271	500
2020.07.10	5372.500	5399.500	5317.500	5329.500	1151116	3331902	500
2020.07.13	5319.000	5414.500	5314.000	5409.000	1069229	3140441	500
2020.07.14	5391.500	5458.500	5335.000	5373.500	1464975	4210966	500
2020.07.15	5319.000	5394.500	5296.000	5370.000	1242851	3573498	500
2020.07.16	5384.500	5397.000	5311.000	5336.000	1195506	3446394	500
2020.07.17	5333.500	5395.500	5319.500	5395.000	890877	2743245	500
2020.07.20	5371.000	5394.000	5331.000	5336.000	920641	2758752	500
2020.07.21	5306.500	5313.500	5168.000	5173.500	1274347	4043684	500
2020.07.22	5179.000	5205.000	5085.000	5124.000	1238931	3506914	500
2020.07.23	5138.500	5227.500	5125.500	5212.500	1337197	3951609	500
2020.07.24	5224.500	5254.500	5161.000	5236.000	1265259	3735944	500
2020.07.27	5194.000	5225.000	5142.500	5150.000	1132072	3101650	500
2020.07.28	5186.500	5204.500	5136.500	5165.000	1036666	2940364	500
2020.07.29	5144.000	5184.500	5116.000	5172.500	1048033	3158724	500
2020.07.30	5204.000	5217.000	5145.000	5154.000	1060259	3136956	500
2020.07.31	5189.500	5235.500	5168.500	5231.500	839366	2716992	500
2020.08.03	5235.500	5342.000	5216.500	5329.500	957931	3055173	500
2020.08.04	5352.000	5382.500	5280.000	5288.000	1161421	3487402	500
2020.08.05	5254.000	5325.500	5238.000	5299.500	1096014	3223281	500
2020.08.06	5346.000	5377.000	5324.000	5335.000	1032765	3077309	500
2020.08.07	5350.000	5445.000	5345.000	5443.500	949361	3152253	500
2020.08.10	5434.000	5496.500	5356.500	5486.500	1043796	3381443	500
2020.08.11	5443.500	5468.000	5376.000	5385.500	1362479	4265649	500
2020.08.12	5406.500	5496.500	5403.500	5440.000	1224216	3746346	500
2020.08.13	5419.000	5427.000	5353.500	5375.000	1099796	3351147	500
2020.08.14	5402.000	5445.000	5362.000	5426.000	970826	2967260	500
2020.08.17	5442.000	5517.000	5411.500	5512.500	987482	2944719	500
2020.08.18	5446.500	5518.500	5423.000	5467.000	1118740	3383696	500
2020.08.19	5451.000	5564.000	5437.000	5563.500	1046382	3164656	500
2020.08.20	5615.000	5674.500	5540.500	5562.500	1317006	4071533	500
2020.08.21	5564.500	5635.000	5557.500	5625.000	1014770	3017291	500
2020.08.24	5580.500	5617.000	5560.500	5616.000	931361	2615989	500
2020.08.25	5585.000	5615.000	5506.500	5510.000	1078562	3489745	500
2020.08.26	5531.000	5634.500	5526.000	5612.000	1087309	3385664	500
2020.08.27	5598.500	5622.500	5545.000	5571.500	1188353	3478336	500
2020.08.28	5517.000	5527.000	5386.500	5390.500	1126708	3294361	500
2020.08.31	5415.500	5500.000	5407.000	5498.000	856162	2561665	500
2020.09.01	5452.500	5460.000	5340.500	5407.500	1190793	3619544	500
2020.09.02	5417.000	5436.000	5346.000	5346.500	1177808	3414163	500
2020.09.03	5375.000	5380.000	5277.500	5298.000	1224158	3637859	500
2020.09.04	5307.500	5332.500	5251.000	5303.000	1129121	3248421	500
2020.09.08	5364.000	5413.500	5319.500	5366.000	1099604	3171907	500
2020.09.09	5346.000	5346.500	5282.000	5312.500	907733	2720470	500
2020.09.10	5307.000	5336.000	5272.500	5325.000	1084494	3295964	500
2020.09.11	5297.500	5353.000	5263.000	5320.500	971529	3007450	500
2020.09.14	5308.000	5326.500	5265.500	5273.000	947447	2720813	500
2020.09.15	5239.500	5303.500	5223.000	5278.000	1059834	3193804	500
2020.09.16	5251.000	5276.000	5213.000	5240.000	1089052	3260820	500
2020.09.17	5270.000	5293.000	5229.000	5239.500	1002225	2958924	500
2020.09.18	5254.500	5401.000	5245.500	5391.500	1004231	3417401	500
2020.09.21	5452.000	5498.500	5389.000	5418.500	1282190	3942620	500
2020.09.22	5426.500	5497.000	5383.500	5472.000	1322697	3984480	500
2020.09.23	5508.500	5599.500	5490.000	5594.500	1091371	3408856	500
2020.09.24	5590.500	5624.500	5494.000	5509.000	1254873	3968269	500
2020.09.25	5541.500	5588.500	5535.000	5562.000	1038442	3216960	500
2020.09.28	5520.000	5674.500	5518.500	5659.500	1101954	3723171	500
2020.09.29	5646.000	5679.000	5605.500	5635.000	1216533	3846720	500
2020.09.30	5632.000	5670.000	5590.500	5616.000	1071656	3465860	500
2020.10.01	5578.000	5669.000	5577.500	5646.500	999962	3088132	500
2020.10.02	5660.500	5697.500	5611.500	5690.500	1141571	3631592	500
2020.10.05	5660.000	5682.000	5556.000	5580.000	1090264	3347347	500
2020.10.06	5543.000	5622.000	5487.500	5595.500	1284542	4128407	500
2020.10.07	5565.000	5644.000	5555.000	5615.000	1245761	4102249	500
2020.10.08	5595.500	5651.500	5581.500	5604.500	1071600	3397189	500
2020.10.09	5585.000	5587.500	5514.500	5542.000	910116	2893577	500
2020.10.13	5527.500	5629.500	5523.500	5565.500	1063080	3441277	500
2020.10.14	5595.500	5608.000	5538.000	5597.000	958730	2843235	500
2020.10.15	5633.000	5651.000	5592.000	5616.000	992983	3052856	500
2020.10.16	5610.000	5657.000	5600.500	5647.500	830436	2645893	500
2020.10.19	5622.000	5637.000	5569.000	5611.000	976495	3133083	500
2020.10.20	5607.000	5629.000	5550.000	5609.500	1039989	3257250	500
2020.10.21	5601.500	5630.000	5572.500	5610.000	1073628	3365846	500
2020.10.22	5616.000	5628.000	5564.000	5601.000	1010757	3101563	500
2020.10.23	5576.000	5636.500	5567.000	5621.500	803515	2624839	500
2020.10.26	5646.500	5664.500	5612.000	5624.500	883266	2859229	500
2020.10.27	5610.500	5712.500	5600.500	5709.500	846379	2860477	500
2020.10.28	5733.500	5793.000	5703.000	5749.000	1246463	4367433	500
2020.10.29	5785.000	5792.000	5745.000	5784.000	949184	3122707	500
2020.10.30	5782.000	5814.000	5728.500	5763.000	921093	3068673	500
2020.11.03	5705.000	5772.000	5654.000	5761.000	1033578	3216402	500
2020.11.04	5768.000	5768.000	5648.500	5656.500	1109960	3484821	500
2020.11.05	5615.000	5635.500	5526.000	5529.500	1151545	3491681	500
2020.11.06	5520.000	5578.000	5363.000	5370.000	1243045	3985269	500
2020.11.09	5283.500	5429.500	5228.000	5390.000	1712549	5511945	500
2020.11.10	5390.000	5423.500	5339.000	5418.500	1480945	4482619	500
2020.11.11	5412.500	5461.000	5378.000	5396.000	1188788	3750638	500
2020.11.12	5400.000	5494.000	5357.000	5463.000	1129412	3634400	500
2020.11.13	5455.500	5529.500	5450.500	5461.500	1027547	3089161	500
2020.11.16	5431.000	5460.000	5367.000	5421.000	1188211	3665591	500
2020.11.17	5392.000	5425.500	5325.000	5335.500	1223687	3944045	500
2020.11.18	5333.000	5375.000	5277.000	5365.000	1201465	3808505	500
2020.11.19	5383.000	5386.000	5300.500	5308.000	1065276	3384190	500
2020.11.20	5290.000	5397.500	5289.000	5381.500	924221	2985691	500
2020.11.23	5356.000	5451.500	5340.000	5442.000	1091702	3974729	500
2020.11.24	5419.000	5429.000	5371.000	5374.500	958358	3142575	500
2020.11.25	5392.000	5398.500	5305.000	5322.000	935979	3127106	500
2020.11.26	5345.500	5358.500	5296.000	5337.000	651401	2073682	500
2020.11.27	5331.000	5380.000	5320.000	5348.000	748571	2431112	500
2020.11.30	5301.000	5398.000	5275.500	5335.000	877611	3110485	500
2020.12.01	5317.000	5330.500	5203.500	5208.500	1114706	3712255	500
2020.12.02	5226.000	5255.500	5206.500	5220.000	950089	3229917	500
2020.12.03	5222.000	5231.500	5122.000	5153.500	1060789	3684898	500
2020.12.04	5149.000	5184.500	5116.500	5159.000	986873	3264802	500
2020.12.07	5170.000	5170.000	5057.500	5099.500	1106833	3956282	500
2020.12.08	5121.500	5139.500	5063.000	5120.000	1115248	3616591	500
2020.12.09	5100.500	5198.000	5087.000	5172.500	1079346	3589548	500
2020.12.10	5112.000	5133.000	5016.000	5027.500	1115499	3938305	500
2020.12.11	5055.000	5089.000	5029.500	5070.500	957517	3080117	500
2020.12.14	5039.000	5131.000	5010.500	5117.500	1062116	3536346	500
2020.12.15	5094.000	5125.000	5075.000	5084.500	936721	2984949	500
2020.12.16	5063.000	5143.000	5061.000	5083.000	954643	3258669	500
2020.12.17	5060.000	5086.500	5039.000	5057.500	841785	2871336	500
2020.12.18	5099.500	5116.500	5071.500	5102.000	795051	2737305	500
2020.12.21	5203.000	5224.500	5111.500	5118.500	965778	3284221	500
2020.12.22	5136.000	5171.500	5109.000	5159.500	828870	2766173	500
2020.12.23	5146.000	5220.000	5129.000	5220.000	800454	2774156	500
2020.12.28	5180.000	5311.000	5163.500	5238.000	997242	3654587	500
2020.12.29	5227.000	5246.000	5163.000	5214.000	919803	3104902	500
2020.12.30	5189.000	5237.500	5153.500	5202.500	699146	2332094	500
