<DATE>;<OPEN>;<HIGH>;<LOW>;<CLOSE>;<TICKVOL>;<VOL>;<SPREAD>
2018.01.02;77040;78420;76980;78295;297839;1080758;5
2018.01.03;78400;78970;78060;78400;404557;1434381;5
2018.01.04;78620;79710;78505;79185;455394;1713874;5
2018.01.05;79440;79630;78685;79630;493642;1745350;5
2018.01.08;79800;79925;79050;79840;438556;1599762;5
2018.01.09;79730;79945;79100;79235;413844;1550791;5
2018.01.10;78880;79020;78510;78675;440123;1541018;5
2018.01.11;78540;79850;78530;79805;408070;1489910;5
2018.01.12;79375;79900;79220;79705;508288;1786159;5
2018.01.15;79800;80285;79675;80275;322591;1148909;5
2018.01.16;80470;80645;79975;80185;519084;1909216;5
2018.01.17;80150;81660;80030;81600;474080;1739927;5
2018.01.18;81425;81710;80780;81200;532209;1978489;5
2018.01.19;81395;81800;81130;81465;467770;1775389;5
2018.01.22;81405;81980;81170;81890;418649;1533177;5
2018.01.23;81850;81975;80735;80850;523780;1998592;5
2018.01.24;81050;84175;81040;84045;816046;2960548;5
2018.01.26;84600;85915;84105;85795;690175;2488563;5
2018.01.29;85525;85620;84520;84795;575980;2013621;5
2018.01.30;84300;84840;84010;84715;594317;2191461;5
2018.01.31;84960;86400;84800;85250;629450;2272753;5
2018.02.01;85450;86255;84825;85630;691627;2478074;5
2018.02.02;84600;84865;83900;84265;659758;2342964;5
2018.02.05;83770;84470;81450;81450;764563;2738113;5
2018.02.06;81450;84565;80530;84340;1107001;3381811;5
2018.02.07;83895;84540;82550;82965;833310;2676212;5
2018.02.08;82550;83585;81100;81325;916308;3307428;5
2018.02.09;81490;82000;79650;81000;1054212;3279742;5
2018.02.14;83820;84745;83275;84445;450493;1452192;5
2018.02.15;85210;85640;84820;85115;678993;2414022;5
2018.02.16;85405;85505;84650;85500;589027;2057725;5
2018.02.19;85750;85875;85390;85635;285887;961263;5
2018.02.20;85150;87200;85025;86725;669997;2579676;5
2018.02.21;86605;88280;86470;86600;689821;2462940;5
2018.02.22;87005;88050;86755;87545;730812;2561739;5
2018.02.23;88000;88150;86860;88150;690315;2520946;5
2018.02.26;88590;89155;88045;88495;624757;2223619;5
2018.02.27;88170;88665;87370;87570;551350;1922580;5
2018.02.28;87570;87955;86000;86030;712020;2724475;5
2018.03.01;85800;87050;85285;86185;946623;3483976;5
2018.03.02;85680;86600;84555;86500;795439;2817660;5
2018.03.05;86300;86915;85685;86530;657792;2282344;5
2018.03.06;87205;87665;86105;86105;728625;2607599;5
2018.03.07;85650;86295;84990;86050;678475;2460970;5
2018.03.08;86205;86500;85030;85620;706354;2575410;5
2018.03.09;85440;87060;85350;86930;648731;2352886;5
2018.03.12;87300;87695;87090;87330;534360;1998927;5
2018.03.13;87610;87975;86590;87000;703174;2879627;5
2018.03.14;87435;87585;86200;86480;648438;2703192;5
2018.03.15;86530;86535;85160;85700;548773;2161331;5
2018.03.16;85440;86025;84925;84925;667382;2620801;5
2018.03.19;84525;85090;84065;84585;692639;2689117;5
2018.03.20;84795;84920;84135;84605;653334;2375072;5
2018.03.21;84455;85840;84380;85550;658700;2422313;5
2018.03.22;85350;85950;84520;84580;861004;3423482;5
2018.03.23;84285;85915;84205;85005;1018429;3370838;5
2018.03.26;85720;85940;84615;85715;834989;2701365;5
2018.03.27;85995;86100;83775;83820;930668;3138529;5
2018.03.28;83770;84340;83135;84135;919572;3450785;5
2018.03.29;84555;86040;84315;85800;651429;2513819;5
2018.04.02;85410;85960;84370;84990;790791;3065116;5
2018.04.03;85290;85685;84390;84510;824227;3292039;5
2018.04.04;83580;84980;82940;84980;829576;3191611;5
2018.04.05;86400;86620;85165;85390;694527;2726890;5
2018.04.06;84965;85350;83960;84900;899746;3339770;5
2018.04.09;85470;85470;83210;83395;725319;2774830;5
2018.04.10;83925;84810;83445;84810;825604;2976078;5
2018.04.11;84385;85665;84155;85665;651466;2428194;5
2018.04.12;85805;85900;85060;85435;602693;2350419;5
2018.04.13;85600;85715;84065;84095;665031;2323399;5
2018.04.16;84215;84670;82630;82630;737162;2588150;5
2018.04.17;83045;84225;82660;84100;678204;2475839;5
2018.04.18;85030;86885;85000;86200;576530;2194019;5
2018.04.19;86500;86730;85845;86475;805111;2878371;5
2018.04.20;86360;86700;85630;86700;628217;2315178;5
2018.04.23;86300;86445;85315;86390;622566;2372142;5
2018.04.24;86850;87290;85685;86130;821115;3130767;5
2018.04.25;85575;86000;84895;86000;790285;2689647;5
2018.04.26;86100;87370;85830;87275;571709;2073121;5
2018.04.27;87170;87785;86820;86970;590688;2287263;5
2018.04.30;87150;87350;86250;86260;445233;1538926;5
2018.05.02;86130;86330;84875;84995;649214;2222572;5
2018.05.03;85080;85110;83605;83705;779851;2850462;5
2018.05.04;83820;84210;83100;83600;702698;2660767;5
2018.05.07;83700;84140;82960;82960;614044;2213883;5
2018.05.08;83020;83900;82580;83735;839708;2983798;5
2018.05.09;84050;84950;83200;84750;738824;2758771;5
2018.05.10;84895;86680;84675;86315;700158;2439952;5
2018.05.11;86445;86840;85505;85865;684722;2483642;5
2018.05.14;85930;86480;85005;85850;675800;2366838;5
2018.05.15;85430;85925;84105;85780;849116;3083356;5
2018.05.16;85605;87070;85210;86845;681944;2424757;5
2018.05.17;86430;86590;83580;83790;857828;3075646;5
2018.05.18;84190;84290;81625;83125;989594;3486539;5
2018.05.21;83690;84205;81825;82305;892165;3182286;5
2018.05.22;82450;83735;81775;82905;913642;3240027;5
2018.05.23;82010;82395;80980;81280;863036;2796710;5
2018.05.24;79660;80550;79115;80295;883044;2882820;5
2018.05.25;80325;80895;78745;79090;844580;2987883;5
2018.05.28;78440;78685;75110;75200;848551;2751010;5
2018.05.29;74845;77370;74815;75980;1203184;4032400;5
2018.05.30;76360;77295;75570;77280;1146286;3607826;5
2018.06.01;77580;78300;75425;77710;1087909;3531076;5
2018.06.04;78115;78770;77920;78590;851373;2805336;5
2018.06.05;78390;78945;76410;76550;958075;3278807;5
2018.06.06;76845;77075;75365;75560;1015154;3264996;5
2018.06.07;75750;76155;71060;74050;1362285;4164448;5
2018.06.08;73915;74115;71545;72870;1358330;3783625;5
2018.06.11;72920;73740;71830;72110;1010204;3120233;5
2018.06.12;72100;73350;71600;72910;887095;2755129;5
2018.06.13;73715;73995;71715;73075;952901;2980977;5
2018.06.14;73190;73445;71765;72075;961224;2968676;5
2018.06.15;71800;72095;70140;71140;874611;2839354;5
2018.06.18;70570;70980;69925;70395;755894;2252467;5
2018.06.19;69250;72780;69225;71950;935477;3117016;5
2018.06.20;72240;73180;71670;73000;892256;2795065;5
2018.06.21;72440;72700;70220;70220;801306;2544453;5
2018.06.22;70700;71650;70400;70965;697646;2227002;5
2018.06.25;70820;72165;70225;71995;848096;2737668;5
2018.06.26;71720;72180;70630;71750;931179;2620331;5
2018.06.27;72025;72505;70505;70815;894819;2633253;5
2018.06.28;70840;72640;70650;72260;846201;2721923;5
2018.06.29;72820;73470;72520;72805;734709;2207268;5
2018.07.02;72400;73615;72170;73615;576806;1745880;5
2018.07.03;73825;75020;73645;74110;689293;2321514;5
2018.07.04;74090;75385;73790;75385;528983;1746256;5
2018.07.05;75700;75825;74070;74810;823917;2655828;5
2018.07.06;74600;75670;74305;75600;692559;2099711;5
2018.07.10;75820;76200;74600;74600;735515;2402404;5
2018.07.11;74295;75445;74210;74965;764169;2558097;5
2018.07.12;75180;76495;75060;76495;659221;2113591;5
2018.07.13;76400;77195;75800;77030;611602;2057204;5
2018.07.16;76840;77270;76375;77170;611174;1996996;5
2018.07.17;77050;78890;76760;78410;672823;2153482;5
2018.07.18;78360;78765;77340;77400;672707;2213206;5
2018.07.19;77245;78900;76105;78900;843129;2574537;5
2018.07.20;79320;80335;78500;78585;848570;2469190;5
2018.07.23;78715;78865;78015;78085;701848;2167460;5
2018.07.24;79050;79790;78945;79340;727923;2274762;5
2018.07.25;79290;80715;79140;80480;759628;2529241;5
2018.07.26;80500;80670;79230;79850;813131;2593527;5
2018.07.27;80200;80495;79610;80250;705108;2259252;5
2018.07.30;80295;80685;79850;80400;565597;1951550;5
2018.07.31;80335;80440;79130;79300;674408;2241081;5
2018.08.01;79195;79895;78870;79420;686755;2350184;5
2018.08.02;78800;80075;78535;79980;652733;2259362;5
2018.08.03;80500;81935;80255;81530;707874;2560000;5
2018.08.06;81615;82095;80985;81035;621045;2117260;5
2018.08.07;81660;81890;79945;80700;811764;2871311;5
2018.08.08;80580;80980;78805;78840;827445;2704930;5
2018.08.09;78960;79480;78110;78705;761588;2408733;5
2018.08.10;78040;78345;76020;76400;920792;3003544;5
2018.08.13;76200;77925;75400;77820;966281;3086241;5
2018.08.14;78120;78770;77605;78400;833787;2619115;5
2018.08.15;78655;78655;77470;77515;870527;2510113;5
2018.08.16;78065;78380;76990;77580;948028;2977570;5
2018.08.17;77105;77110;76205;76495;755753;2374842;5
2018.08.20;76810;77170;76125;77040;807976;2689973;5
2018.08.21;77300;77320;75310;75310;864059;2841710;5
2018.08.22;75500;77700;74840;77700;876404;3092507;5
2018.08.23;77410;77830;75950;76300;880874;3013745;5
2018.08.24;76820;77270;76190;77000;674731;2278564;5
2018.08.27;77300;78585;77040;78130;625320;2124101;5
2018.08.28;78355;78565;77580;78450;712620;2489562;5
2018.08.29;78050;79370;77770;79195;651251;2286366;5
2018.08.30;78700;78805;76470;76470;828295;2519945;5
2018.08.31;76605;77660;76345;77150;815240;2822128;5
2018.09.03;77195;77195;76070;76610;463032;1630086;5
2018.09.04;76105;76490;74925;74945;780085;2561086;5
2018.09.05;74660;75800;74435;75200;760363;2582997;5
2018.09.06;75430;78550;75290;77410;783441;2735582;5
2018.09.10;77950;78115;76430;76920;800044;2751239;5
2018.09.11;75720;75870;74580;75255;775990;2485130;5
2018.09.12;75800;76035;74780;75230;745146;2613025;5
2018.09.13;75890;76015;74760;74800;691895;2265313;5
2018.09.14;75110;76045;74705;75850;740371;2533109;5
2018.09.17;75460;77340;75100;77045;838183;2894423;5
2018.09.18;77500;78790;76800;78050;915425;3069194;5
2018.09.19;77635;79310;77450;78280;798292;2754348;5
2018.09.20;78435;79195;78010;78420;711146;2318308;5
2018.09.21;78800;80350;78545;79380;844863;2735097;5
2018.09.24;79075;79650;77950;78210;832013;2627136;5
2018.09.25;77100;79000;76910;79000;903873;2884339;5
2018.09.26;78880;79750;78480;78715;972438;3111809;5
2018.09.27;78585;80380;78535;79890;789977;2512058;5
2018.09.28;79495;80085;78940;79350;806474;2397654;5
2018.10.01;79515;79740;78210;79000;903204;3028086;5
2018.10.02;80035;82000;80000;81940;1002339;3250954;5
2018.10.03;83990;85570;82950;83790;1201748;3606884;5
2018.10.04;82810;83655;82015;83060;1061125;3422884;5
2018.10.05;84675;85055;82150;82780;975302;3021752;5
2018.10.08;86500;87990;85330;86275;1202921;3742572;5
2018.10.09;85720;86785;85475;85915;1127454;3407446;5
2018.10.10;85410;85685;83550;83550;1129501;3501606;5
2018.10.11;83970;84985;82605;83605;1299240;4068774;5
2018.10.15;84290;84540;83040;83040;1028432;3343609;5
2018.10.16;83800;86015;83610;85895;1011620;3354213;5
2018.10.17;86300;87000;85645;86500;1108292;3653555;5
2018.10.18;86200;86385;84285;84500;1038793;3470886;5
2018.10.19;85295;85680;84310;85095;1031990;3480218;5
2018.10.22;85900;86520;85495;86155;887210;2764510;5
2018.10.23;85195;86320;84605;86300;1103473;3517934;5
2018.10.24;86300;86470;83490;83710;1162614;4094979;5
2018.10.25;84240;85540;83880;84270;1095413;3801021;5
2018.10.26;83610;86810;83570;86600;1322979;4544121;5
2018.10.29;89450;90400;83300;83980;1652261;4877125;5
2018.10.30;84800;87830;84460;87555;1542586;4875102;5
2018.10.31;88500;88970;86780;87700;1321072;4277197;5
2018.11.01;88660;89670;87660;88470;1218729;4075686;5
2018.11.05;89060;90180;88875;89950;1130079;3803529;5
2018.11.06;89635;89935;88605;89160;1102478;3839161;5
2018.11.07;90220;90265;88000;88400;1179167;3930747;5
2018.11.08;88585;89190;86010;86030;1163419;3706999;5
2018.11.09;85630;86750;84415;86280;1246858;3827745;5
2018.11.12;85960;86720;85375;86080;1340477;3982276;5
2018.11.13;86400;86500;84430;85370;1433703;4574311;5
2018.11.14;85510;86300;84585;86300;1401656;4459534;5
2018.11.16;87000;89010;86465;88840;1295463;3813996;5
2018.11.19;88650;88675;87315;88200;1155401;3666274;5
2018.11.21;86995;87700;86565;87550;1183446;3626465;5
2018.11.22;87490;87995;87205;87700;733018;2448538;5
2018.11.23;87485;87585;86065;86340;1051039;3416035;5
2018.11.26;87200;87445;85075;85630;1285908;4254335;5
2018.11.27;85955;88295;85475;87970;1258986;4149939;5
2018.11.28;88000;89725;87355;89230;1291635;4233856;5
2018.11.29;88950;90150;88435;89730;1169445;3919077;5
2018.11.30;89295;90475;89150;89605;1120836;3718215;5
2018.12.03;91450;91825;89515;89770;1235371;4207447;5
2018.12.04;89895;90570;88095;88600;1332903;4562209;5
2018.12.05;88940;89280;88520;89110;918168;3103045;5
2018.12.06;87680;88975;87040;88940;1260674;4422413;5
2018.12.07;88950;90110;87895;88010;1344498;4529658;5
2018.12.10;88000;88360;85850;85850;1473607;4772362;5
2018.12.11;86485;87550;85510;86615;1386278;4642540;5
2018.12.12;87880;88830;87520;87950;1370022;4490869;5
2018.12.13;88150;88720;87635;88560;1159610;4094316;5
2018.12.14;87800;89045;87750;88005;1043996;3579172;5
2018.12.17;88210;88540;87005;87115;1190413;3873247;5
2018.12.18;87320;88070;87145;87385;1114381;3946555;5
2018.12.19;87800;88835;85780;86100;1294060;4669817;5
2018.12.20;86050;87310;85380;86365;1341172;4955590;5
2018.12.21;86375;87265;85755;86000;1311609;4972890;5
2018.12.26;85900;86035;84410;85735;1208554;4348578;5
2018.12.27;85360;86320;85215;86110;1143576;4361242;5
2018.12.28;87070;88670;86820;88205;1015060;3866483;5
2019.01.02;87800;92150;87585;91590;1305951;5225036;5
2019.01.03;91115;92165;90450;91765;1477318;5428639;5
2019.01.04;92215;93335;91355;92440;1578841;5417051;5
2019.01.07;92400;93095;91790;92245;1531993;5458117;5
2019.01.08;92700;92760;91570;92660;1461480;5327069;5
2019.01.09;93090;94190;92835;94155;1398350;4898414;5
2019.01.10;93685;94540;93565;94370;1359187;4911736;5
2019.01.11;94600;94620;93760;94060;1086913;3779894;5
2019.01.14;93590;94945;93545;94820;1115346;4042673;5
2019.01.15;95000;95100;93760;94580;1337319;4884865;5
2019.01.16;94800;94800;94050;94795;1244156;4537736;5
2019.01.17;94410;96095;94265;95770;1252884;4698974;5
2019.01.18;95660;96795;95585;96280;1175686;4546496;5
2019.01.21;96150;96580;95130;96580;935217;3469737;5
2019.01.22;96040;96415;94900;95100;1465944;5351076;5
2019.01.23;95510;96930;95500;96775;1453690;5792214;5
2019.01.24;96705;97935;96610;97935;1244532;4680601;5
2019.01.28;96530;96890;94945;95600;1507121;5468081;5
2019.01.29;95620;97020;95620;95755;1339785;5032128;5
2019.01.30;96540;97420;96010;97150;1332184;4889335;5
2019.01.31;97700;98640;97450;97730;1389286;5108898;5
2019.02.01;97460;98260;97170;98065;1316993;4865419;5
2019.02.04;98465;98780;96945;98465;1536692;5733982;5
2019.02.05;98525;98730;97715;98445;1531409;5523659;5
2019.02.06;98030;98085;94480;94700;1737839;6382476;5
2019.02.07;94800;95725;93565;94435;1963976;7094199;5
2019.02.08;94150;95620;93440;95070;1997308;7305378;5
2019.02.11;95800;96110;93745;94365;1823910;6477471;5
2019.02.12;94955;96650;94955;95955;1686588;6134950;5
2019.02.13;97295;97765;96280;96895;1573359;5688794;5
2019.02.14;97075;99115;95735;99000;1963450;6642962;5
2019.02.15;98660;99215;97935;98270;1865397;6358442;5
2019.02.18;97940;98090;97085;97395;1428989;5033112;5
2019.02.19;97200;99150;97020;98230;1806332;6507603;5
2019.02.20;98440;99445;97200;97590;2046628;7155369;5
2019.02.21;97850;98220;96525;97810;1819380;6342441;5
2019.02.22;98220;98990;97750;98630;1489159;5370143;5
2019.02.25;99110;99290;97835;98050;1592237;5659317;5
2019.02.26;97800;98715;97570;98250;1526840;5438820;5
2019.02.27;98090;98515;97590;97950;1576823;5326363;5
2019.02.28;97945;98235;95950;95950;1693563;6108249;5
2019.03.01;96500;96790;94950;95170;1590353;5837619;5
2019.03.06;94885;95490;94510;94670;811734;2778481;5
2019.03.07;94600;95195;94270;95160;1571444;5703086;5
2019.03.08;94620;96095;93810;95935;1562120;5391926;5
2019.03.11;96315;98735;96140;98600;1385120;5181063;5
2019.03.12;98340;98950;97825;98445;1716407;6049342;5
2019.03.13;98750;99900;97910;99150;1832292;6127771;5
2019.03.14;99350;99650;98250;99035;1745120;5776427;5
2019.03.15;99420;99925;98545;99245;1640962;5176833;5
2019.03.18;99490;100550;99350;100550;1363301;4521151;5
2019.03.19;100500;100930;99765;99895;1541590;5413323;5
2019.03.20;99895;100245;97800;97800;1772371;6120616;5
2019.03.21;97700;98360;95770;97175;2020847;6721964;5
2019.03.22;95370;95725;93535;93545;2093243;6662193;5
2019.03.25;92195;94725;92070;94065;2125046;6989050;5
2019.03.26;94745;95875;94170;95115;2017309;6982851;5
2019.03.27;94200;94550;90405;90580;2401557;7634894;5
2019.03.28;90940;95190;90935;94650;2116466;6906837;5
2019.03.29;95325;96185;95015;95340;2066606;5766045;5
2019.04.01;96415;96995;95905;96145;1466614;4857483;5
2019.04.02;96600;96910;94930;95685;1831223;6341938;5
2019.04.03;96620;96815;94235;95000;2198870;6831250;5
2019.04.04;94990;96840;94465;96620;1978362;6769013;5
2019.04.05;96780;97685;96250;97400;1758135;5828297;5
2019.04.08;97395;97785;96800;97500;1792517;5842949;5
2019.04.09;97130;97270;95575;96390;1718917;6089032;5
2019.04.10;97000;97100;95755;95900;1751708;6265974;5
2019.04.11;95690;95975;94175;95125;1636190;6095856;5
2019.04.12;93685;94815;92505;93050;2026384;7414313;5
2019.04.15;93500;93845;92700;93010;2097107;7286591;5
2019.04.16;93350;95100;92805;94475;1906408;7072349;5
2019.04.17;95500;95820;93000;94345;2001556;7291306;5
2019.04.18;94900;96050;94140;95000;1774954;6537192;5
2019.04.22;95000;95820;94410;95350;1823311;6281035;5
2019.04.23;95700;97125;95650;96720;1753117;6633218;5
2019.04.24;97100;97210;94810;95815;1788192;6996274;5
2019.04.25;95995;97260;94830;97090;1777494;6632300;5
2019.04.26;96890;97465;96260;96860;1559567;5845973;5
2019.04.29;97095;97840;96675;96810;1542488;5587146;5
2019.04.30;97105;97420;96240;97005;1581412;5620716;5
2019.05.02;96355;96580;95870;96085;1466045;5528041;5
2019.05.03;96370;96960;96350;96535;1121212;4210403;5
2019.05.06;95275;95660;95060;95240;1203983;4383523;5
2019.05.07;95115;95325;93195;95325;1800560;7204129;5
2019.05.08;94920;96895;94880;95950;1606548;5860384;5
2019.05.09;95500;95715;94325;95205;1751503;6191002;5
2019.05.10;94840;95425;93630;94300;1830191;6882999;5
2019.05.13;93375;93375;91010;91010;1944848;7038731;5
2019.05.14;91915;92940;91840;92290;1818448;6923496;5
2019.05.15;91750;92155;90605;91545;1903929;6866639;5
2019.05.16;91985;92095;90010;90395;1815499;7014948;5
2019.05.17;89945;91735;89625;90685;1862219;7402321;5
2019.05.20;90130;92700;90090;92690;2024302;7158606;5
2019.05.21;92725;94975;92260;94955;1945461;7416304;5
2019.05.22;94620;95550;94165;94950;1989197;7131481;5
2019.05.23;93950;94875;93515;94400;1775576;6728000;5
2019.05.24;94720;95200;93645;93645;1627125;6269309;5
2019.05.27;94235;95740;94195;95250;1312102;4960103;5
2019.05.28;95250;96850;94850;96625;1896742;7314107;5
2019.05.29;96045;97230;95840;96520;1835266;7104539;5
2019.05.30;96600;98180;96360;97795;1632402;6426990;5
2019.05.31;97030;98225;96870;97095;1667881;6396991;5
2019.06.03;97000;97890;96530;97245;1673248;6271324;5
2019.06.04;97565;98035;96670;97715;1859429;6753653;5
2019.06.05;97935;97985;95725;96395;1796378;6843605;5
2019.06.06;96600;97570;96165;96895;1724081;6406002;5
2019.06.07;97400;98465;97215;98020;1532259;5603194;5
2019.06.10;97500;97925;96805;97225;1606714;6152253;5
2019.06.11;97715;99115;97715;99115;1635741;6052727;5
2019.06.12;99600;100290;98810;99490;1828452;6179822;5
2019.06.13;99950;100420;99465;100015;1543398;6056427;5
2019.06.14;99555;99985;98460;98635;1542200;6070576;5
2019.06.17;98615;99375;98500;98600;1473224;6057701;5
2019.06.18;99280;100515;99195;100515;1248668;5000329;5
2019.06.19;100300;101430;99865;101390;1514993;5825658;5
2019.06.21;101800;103035;101775;102905;1282703;4946707;5
2019.06.24;102940;103545;102460;102990;1386458;5350278;5
2019.06.25;102740;102845;100500;100510;1679987;6546574;5
2019.06.26;101490;101985;100910;101370;1725282;6064343;5
2019.06.27;101105;101850;100100;101445;1548172;6055135;5
2019.06.28;101800;102435;101230;101390;1534425;5747486;5
2019.07.01;102810;103240;101855;102160;1597226;5867714;5
2019.07.02;102010;102350;100560;101200;1923834;7536126;5
2019.07.03;101250;102925;100380;102670;1720950;6602482;5
2019.07.04;102790;104730;102790;104100;1251143;5075503;5
2019.07.05;104355;104900;103290;104900;1394055;5554563;5
2019.07.08;104500;105365;104375;105290;1365624;5405960;5
2019.07.10;106075;107295;105820;106205;1512826;6363730;5
2019.07.11;106950;107165;105335;105665;1684293;6528198;5
2019.07.12;105650;106230;104150;104495;1832652;7403535;5
2019.07.15;104900;105270;103965;104690;1675492;6609762;5
2019.07.16;104750;104960;103780;104365;1842450;7241212;5
2019.07.17;104450;104930;104150;104330;1668288;6689588;5
2019.07.18;104165;105375;104065;105375;1338335;5791761;5
2019.07.19;105500;105585;103665;103680;1422345;6259751;5
2019.07.22;104100;104725;103945;104465;1477194;5901777;5
2019.07.23;104625;104895;103815;104360;1544333;6333139;5
2019.07.24;104105;104970;104075;104250;1448180;5731156;5
2019.07.25;104595;104840;102655;102995;1682434;7713599;5
2019.07.26;103400;103640;102465;103090;1657106;6521326;5
2019.07.29;103390;103960;102720;103960;1500431;6017196;5
2019.07.30;103550;103850;102805;103200;1618837;6465826;5
2019.07.31;103450;103630;101080;102000;1966557;7810373;5
2019.08.01;102500;104285;101985;102035;2008056;8001529;5
2019.08.02;101600;103370;101430;102915;2049485;8092306;5
2019.08.05;101315;101425;99705;99970;2120178;7704104;5
2019.08.06;100990;102415;100780;102365;2032899;7451698;5
2019.08.07;102600;103105;100500;102870;2347662;8576434;5
2019.08.08;103245;104475;103150;104475;2230360;7920933;5
2019.08.09;103950;104930;103555;103950;2134312;7525413;5
2019.08.12;103000;103070;101575;101685;2091865;7608184;5
2019.08.13;101410;103845;101150;103555;2054382;7687032;5
2019.08.14;102820;103130;100815;100915;2082239;7583670;5
2019.08.15;101500;102080;98935;99900;2209809;8634782;5
2019.08.16;100800;101370;99875;100900;2027094;7558550;5
2019.08.19;101865;101890;99665;100185;2064085;7470991;5
2019.08.20;100140;100625;98570;99740;2219177;7638948;5
2019.08.21;100550;102270;100250;102140;2149733;7433184;5
2019.08.22;101895;102420;100615;100820;2012395;7097772;5
2019.08.23;100950;100950;97670;98350;2438098;8466246;5
2019.08.26;98895;99210;95610;95895;2160105;8011644;5
2019.08.27;96670;98620;96435;97820;2349415;9204158;5
2019.08.28;97345;99050;96900;98445;2095818;7630335;5
2019.08.29;99095;101600;99095;101545;1937106;7210398;5
2019.08.30;101870;102350;101360;102225;1959971;7257547;5
2019.09.02;102140;102280;101070;101375;1416471;5237339;5
2019.09.03;100845;102110;99900;100450;2126324;8719456;5
2019.09.04;101695;101865;100935;101595;1723856;6587862;5
2019.09.05;102395;103870;102200;102570;1678154;6839100;5
2019.09.06;103050;103760;102940;103550;1645483;6274911;5
2019.09.09;104000;104840;103320;103830;1716750;6929547;5
2019.09.10;103500;104175;102720;103450;2045902;7857057;5
2019.09.11;103845;104680;103635;104080;1799193;7017394;5
2019.09.12;104720;105225;104100;104600;1799742;7208055;5
2019.09.13;105100;105275;103630;103885;1525381;6060075;5
2019.09.16;103750;104465;103115;104155;1830791;7046025;5
2019.09.17;103620;105235;103295;105200;1743042;6881494;5
2019.09.18;105255;105270;103925;104910;1786154;6849758;5
2019.09.19;105565;106430;104530;104770;1703256;6646486;5
2019.09.20;105150;105415;104140;104950;1837161;6962358;5
2019.09.23;104620;105025;104275;105010;1471186;5739220;5
2019.09.24;105385;105445;103690;104200;1614738;6418865;5
2019.09.25;103460;104810;103260;104700;1656478;6600090;5
2019.09.26;105185;105615;104540;105335;1650381;6000816;5
2019.09.27;105545;105900;104705;105495;1595879;6206194;5
2019.09.30;105750;105775;104855;105115;1386973;5362124;5
2019.10.01;105180;105355;103985;104065;1529810;6381759;5
2019.10.02;103275;103400;101000;101080;1823562;7814660;5
2019.10.03;101445;101730;99915;101580;2107430;8734450;5
2019.10.04;101175;102770;100900;102440;1894256;7624167;5
2019.10.07;102100;102565;100370;100605;2108581;8199178;5
2019.10.08;100305;101490;99695;99820;2397592;9300719;5
2019.10.09;100800;101690;100230;101400;1885708;7219887;5
2019.10.10;101100;102600;101080;102300;1806143;7014144;5
2019.10.11;103300;104610;102835;103530;1752494;7177675;5
2019.10.14;103330;104450;103255;104450;1629156;6027308;5
2019.10.15;104540;105135;104065;104065;1772343;6789438;5
2019.10.16;105010;106315;104290;106085;1633138;6570456;5
2019.10.17;106330;106765;105590;105940;2004875;7632237;5
2019.10.18;105895;106300;105250;105300;1680818;6297362;5
2019.10.21;105690;106960;105410;106960;1467699;5446219;5
2019.10.22;106780;108220;106635;107700;1642813;6469860;5
2019.10.23;107550;108740;107510;108200;1722852;6573417;5
2019.10.24;108500;108630;107280;107820;1678805;6711587;5
2019.10.25;107900;108865;107670;108080;1569541;6385720;5
2019.10.28;108310;109130;107955;108540;1462324;5498813;5
2019.10.29;108520;108725;107895;108370;1580346;5945107;5
2019.10.30;108100;109065;107125;109000;1683236;6616240;5
2019.10.31;108685;108705;106900;107605;1680300;6852985;5
2019.11.01;107955;109145;107900;108970;1634611;6528428;5
2019.11.04;109710;109970;108960;109335;1716184;6557671;5
2019.11.05;109560;109920;108790;109165;1925165;7702700;5
2019.11.06;109300;110330;107745;108900;2038356;7837648;5
2019.11.07;109445;110290;109050;109935;1973168;7803666;5
2019.11.08;109200;109480;107540;107900;2007889;7881218;5
2019.11.11;107535;108895;107165;108825;1854031;7349379;5
2019.11.12;108930;108985;106615;106935;2097776;8743623;5
2019.11.13;106610;107265;105625;106600;2171530;8816691;5
2019.11.14;106700;107240;106160;106955;1689827;6615607;5
2019.11.18;107850;108215;106550;106550;1680858;6561989;5
2019.11.19;107100;107350;105690;106160;1753660;7228938;5
2019.11.21;105810;108000;105725;108000;1890504;8256859;5
2019.11.22;107955;108995;107520;108940;1697805;6899464;5
2019.11.25;109255;109375;108365;108600;1778663;7332218;5
2019.11.26;108430;108530;106645;107675;1934802;7817777;5
2019.11.27;107825;108235;106450;107930;1942396;8297721;5
2019.11.28;107785;108665;107375;108600;1586567;5857467;5
2019.11.29;108300;109010;107945;108430;1952982;8431342;5
2019.12.02;108315;109585;108250;108995;1902829;8015580;5
2019.12.03;109000;109680;108330;109160;2088199;9556640;5
2019.12.04;109750;110555;109355;110460;1682008;7613765;5
2019.12.05;110655;111330;110135;110715;1750332;8171170;5
2019.12.06;110945;111640;110815;111135;1292264;5767763;5
2019.12.09;110930;111570;110910;111155;1264325;5825509;5
2019.12.10;110810;111330;110255;110785;1434097;6429902;5
2019.12.11;111000;111285;110600;111055;1514203;7143953;5
2019.12.12;111505;112595;111380;112285;1372264;6978572;5
2019.12.13;112500;112970;111880;112720;1762805;8241239;5
2019.12.16;112970;113345;111905;112150;1295127;5890989;5
2019.12.17;112395;112820;111950;112530;1611896;7415092;5
2019.12.18;113355;114995;113010;114980;1374394;6445153;5
2019.12.19;114755;115895;114330;115785;1504334;6883437;5
2019.12.20;115630;116025;115125;115750;1580226;6685538;5
2019.12.23;115955;116440;115535;116380;1108206;4677312;5
2019.12.26;116580;117925;116235;117700;1112884;4895311;5
2019.12.27;117800;118570;116560;116880;1804596;7321777;5
2019.12.30;116960;117720;115770;115770;1554208;6241114;5
2020.01.02;117070;119100;116865;119100;1677027;7389956;5
2020.01.03;117410;119405;116995;118285;2241076;9160675;5
2020.01.06;117790;118260;116785;117360;2347932;9733277;5
2020.01.07;117760;117925;116340;117110;2108472;8851342;5
2020.01.08;117205;117885;116080;116295;2468876;10371140;5
2020.01.09;117240;117355;115810;116355;2407838;10122131;5
2020.01.10;116815;117230;115320;115940;2036202;8659952;5
2020.01.13;116330;117890;116120;117875;2124337;8747811;5
2020.01.14;117690;118100;116955;117900;1994508;9082836;5
2020.01.15;117820;117840;116525;116790;2078259;8628689;5
2020.01.16;117100;117540;116230;117030;2126544;9109108;5
2020.01.17;117400;118810;117225;118800;1631927;6737240;5
2020.01.20;118605;119175;118135;119090;1788189;6884522;5
2020.01.21;118300;118900;117100;117210;2112895;8900663;5
2020.01.22;117770;118670;117685;118550;1822010;7632209;5
2020.01.23;118200;119875;117115;119785;2410205;10331062;5
2020.01.24;119895;120080;118270;118500;2581703;10847237;5
2020.01.27;116600;116890;114450;114670;2663455;10963937;5
2020.01.28;115045;117050;114930;116585;2580298;10865129;5
2020.01.29;116990;117395;115260;115540;2855020;11135682;5
2020.01.30;114260;115785;112910;115500;2932368;12067898;5
2020.01.31;114600;114685;113220;113880;3202167;12696367;5
2020.02.03;114450;115500;113595;114760;2611679;11034811;5
2020.02.04;116275;116785;115570;115670;2562897;10835019;5
2020.02.05;116795;117855;116170;116450;2310479;10562287;5
2020.02.06;117000;117535;114775;115250;2578560;11004752;5
2020.02.07;114875;115245;113535;113570;2502520;10296452;5
2020.02.10;113655;114195;112135;113105;2652879;9936696;5
2020.02.11;113735;115620;113565;115420;2743154;10984206;5
2020.02.12;117020;118420;116310;117350;2311801;9801557;5
2020.02.13;116105;116705;115440;116195;2651450;10617027;5
2020.02.14;116750;116930;114765;114975;2320992;9646715;5
2020.02.17;115500;116395;115320;115700;1937670;7375245;5
2020.02.18;114850;115760;114140;115760;2277121;9135614;5
2020.02.19;115950;117220;115280;116980;2335084;9365027;5
2020.02.20;116720;117180;114900;114900;2886348;11377650;5
2020.02.21;114400;114510;113180;114275;2580406;9684063;5
2020.02.26;108710;109135;105470;106085;2393117;9279459;5
2020.02.27;104750;107185;103000;103070;4509057;17392440;5
2020.02.28;101350;104920;100335;104915;4854575;19141566;5
2020.03.02;103860;107760;103090;107500;4395056;16226490;5
2020.03.03;107655;109960;104775;105600;4750908;17847346;5
2020.03.04;107500;108495;105350;107415;3922750;14430307;5
2020.03.05;105800;106545;100760;102600;3767106;14792535;5
2020.03.06;99090;99805;97165;98040;4508139;15398343;5
2020.03.09;88540;90890;86080;86080;2197208;4901004;5
2020.03.10;90665;92780;87355;92625;4992175;12517084;5
2020.03.11;89600;90680;80540;80580;3928776;11249393;5
2020.03.12;76365;76365;72125;72125;102405;338277;5
2020.03.13;79300;82940;72510;80020;1642597;2892333;5
2020.03.16;74415;76425;70280;70280;1970324;3356663;5
2020.03.17;70625;77410;70600;73300;3424496;5456038;5
2020.03.18;67255;70300;63520;68100;1513143;2508849;5
2020.03.19;66150;70060;61450;65500;3094171;4707757;5
2020.03.20;69805;72385;65780;66390;5251157;8133013;5
2020.03.23;64240;69965;61900;63920;4907702;8148760;5
2020.03.24;68380;71700;66670;69000;2947793;5782298;5
2020.03.25;68510;76800;67740;74600;4616869;9677961;5
2020.03.26;73100;78850;72215;77650;4815725;10161881;5
2020.03.27;74760;75810;72500;73450;4617316;10117765;5
2020.03.30;73400;75160;72820;75160;4338541;10195830;5
2020.03.31;75100;75485;71880;71950;3809717;10310565;5
2020.04.01;69925;71570;68870;71200;4059619;10625357;5
2020.04.02;72810;74040;71010;72250;4467869;11036750;5
2020.04.03;72450;73275;67710;69300;4729798;11063620;5
2020.04.06;72650;75370;72150;74400;3829335;10796056;5
2020.04.07;77800;79985;76070;76595;4714287;13796891;5
2020.04.08;77050;79180;76115;79090;4258509;12376798;5
2020.04.09;78510;80470;77420;78190;4286614;13011716;5
2020.04.13;77520;79345;76315;79255;4343568;13303853;5
2020.04.14;80290;81725;79800;80185;3570947;11191069;5
2020.04.15;78115;80280;77810;79520;3191484;10153544;5
2020.04.16;79950;80400;77635;79365;3465435;11772727;5
2020.04.17;81000;81000;77945;79300;3265967;10812650;5
2020.04.20;76890;80455;76780;79550;3486536;11237363;5
2020.04.22;78750;81500;78340;80515;3435496;10579972;5
2020.04.23;80500;81960;78700;79550;3794100;11735907;5
2020.04.24;79020;79020;71800;76800;3583076;9757622;5
2020.04.27;78000;78925;76420;78250;3898974;10490247;5
2020.04.28;79900;81710;79650;81530;3387426;10052396;5
2020.04.29;82160;84240;81810;84240;3322925;9141327;5
2020.04.30;82880;83070;79955;80100;3496520;10239580;5
2020.05.04;77350;79360;77050;79090;2652064;8327032;5
2020.05.05;80200;81290;79225;80300;3144866;9912857;5
2020.05.06;80235;80500;78110;78745;3127581;10190759;5
2020.05.07;79990;80885;78105;78870;3396773;10897353;5
2020.05.08;79460;80985;79100;80615;2745798;8849274;5
2020.05.11;79465;80820;78725;79000;2962059;9543907;5
2020.05.12;79550;80445;77530;77600;3171228;10439537;5
2020.05.13;79000;79165;77170;78500;3168833;10559032;5
2020.05.14;77520;79530;75680;79405;3527738;12318040;5
2020.05.15;78610;79700;77275;77590;3622708;11477319;5
2020.05.18;79535;81635;79385;81490;2735766;9652567;5
2020.05.19;81365;82350;80565;80900;3137030;10753716;5
2020.05.20;81635;82435;80920;81615;2751556;9613438;5
2020.05.21;81085;83490;80875;83280;2884172;10170426;5
2020.05.22;82995;84390;81500;84310;3230932;10275274;5
2020.05.25;85245;86115;84725;86010;2476156;6928502;5
2020.05.26;86680;87445;85360;86085;3414689;10501042;5
2020.05.27;86775;88260;86005;88105;2962259;9835986;5
2020.05.28;87915;88210;86595;86595;3239056;10336698;5
2020.05.29;86605;87625;85365;87570;3163600;10148118;5
2020.06.01;87500;89155;86670;88830;2442070;8379481;5
2020.06.02;89655;91500;89145;91470;2441950;8561004;5
2020.06.03;91525;93835;91520;92670;2959203;10458872;5
2020.06.04;92110;94270;91970;93815;3263943;10772458;5
2020.06.05;95445;97450;94300;94450;3262007;10537603;5
2020.06.08;95670;97820;95460;97665;2939285;9821352;5
2020.06.09;96700;97390;95505;96520;2922188;9239240;5
2020.06.10;97020;97975;94325;94325;3926880;13069050;5
2020.06.12;91400;93370;90675;92995;4615676;13385302;5
2020.06.15;90695;93190;89935;92520;4370343;13990435;5
2020.06.16;94300;95675;93000;93900;66443;117422;5
2020.06.17;94585;96840;94125;95560;3128108;10283563;5
2020.06.18;94180;97395;93985;95920;3369157;10945682;5
2020.06.19;97155;97950;95985;96250;3587467;11944235;5
2020.06.22;97435;97520;95025;95800;2843563;9733415;5
2020.06.23;97090;97670;95840;95850;3166095;10952436;5
2020.06.24;95200;96120;93370;94725;3609378;12459087;5
2020.06.25;93810;96515;93785;96190;3560527;11902114;5
2020.06.26;95990;96125;93420;93450;3482497;12312571;5
2020.06.29;94230;96270;93945;96180;3566416;12118985;5
2020.06.30;95800;96495;94905;95100;3389293;11473078;5
2020.07.01;94420;97110;94390;96130;3270984;11688509;5
2020.07.02;97515;98180;96120;96480;3375885;11419129;5
2020.07.03;96630;96990;96010;96990;2086825;6828199;5
2020.07.06;98605;99490;98300;99260;2813214;10349527;5
2020.07.07;98530;99110;97370;97950;3172966;11969547;5
2020.07.08;98350;100175;98210;100150;3071309;11523493;5
2020.07.09;99900;100385;98925;99100;3292194;11965440;5
2020.07.10;98900;100250;98575;99900;2864018;10672868;5
2020.07.13;100750;101040;98300;98300;3098799;11323136;5
2020.07.14;99195;100685;98360;100640;3929674;14311329;5
2020.07.15;101805;102295;100810;102045;3407166;12983593;5
2020.07.16;101360;101630;100230;100885;3081691;11224120;5
2020.07.17;101255;103300;101140;103300;2592893;10014921;5
2020.07.20;102880;104550;102755;104220;2528524;10092824;5
2020.07.21;105125;105520;103810;104430;3182697;12651949;5
2020.07.22;104030;105140;103305;104495;3390974;13669025;5
2020.07.23;105185;105305;102120;102465;3490165;13842556;5
2020.07.24;102100;102835;100910;102530;3624692;14311975;5
2020.07.27;103130;104695;102575;104180;3209307;11846105;5
2020.07.28;103800;104805;103500;103900;3346161;12040880;5
2020.07.29;104440;105790;104310;105425;2906042;9811660;5
2020.07.30;104820;105880;103930;105840;3344987;12076896;5
2020.07.31;105420;105795;102620;103100;3476801;13123662;5
2020.08.03;103995;104100;102320;103100;3560054;12669617;5
2020.08.04;102450;102890;99950;101800;4154499;14370316;5
2020.08.05;102580;103865;101925;102880;3744578;12886418;5
2020.08.06;102380;104660;102085;103875;3847773;13532064;5
2020.08.07;103155;104285;101900;102680;3802014;12650414;5
2020.08.10;103200;103970;101235;103095;3790032;12978427;5
2020.08.11;104325;104670;101850;102340;3824383;14048378;5
2020.08.12;102880;103360;100855;102875;3523991;12856823;5
2020.08.13;102600;103525;100265;100395;3914842;14341178;5
2020.08.14;100395;101990;99775;101590;3487551;11841786;5
2020.08.17;101095;101925;98665;99800;3755683;13120324;5
2020.08.18;101175;102520;100960;102135;3368961;11542070;5
2020.08.19;101665;102725;100655;100990;3526591;12253676;5
2020.08.20;99030;102035;98890;101350;3692137;12474851;5
2020.08.21;100895;101815;100490;101350;3160517;11456816;5
2020.08.24;102610;102950;101770;102550;3000589;10450798;5
2020.08.25;102835;103090;101730;102090;2966029;11531830;5
2020.08.26;101995;102710;99450;100630;3309488;11592431;5
2020.08.27;100665;101825;99925;101060;3691095;12490794;5
2020.08.28;101535;102585;100990;102500;2804327;9780601;5
2020.08.31;102435;102450;99520;99730;3254639;11454544;5
2020.09.01;100450;102475;100290;102190;3078557;10882242;5
2020.09.02;102600;103090;100940;102520;3669933;11871021;5
2020.09.03;102095;103445;99830;101060;4383392;15230384;5
2020.09.04;100920;102005;99030;100990;4062338;14240067;5
2020.09.08;99910;100890;99410;100065;4080602;13961297;5
2020.09.09;100780;101840;100560;101310;3544382;12219650;5
2020.09.10;100990;101690;98310;98360;3822395;14241397;5
2020.09.11;99250;99560;97790;98150;3974957;14329686;5
2020.09.14;99250;100660;99005;100170;3629218;12226270;5
2020.09.15;100940;101150;99700;100425;3829048;12768300;5
2020.09.16;100825;100880;99660;99700;3813262;13274549;5
2020.09.17;98850;100390;98565;100250;3396040;12091634;5
2020.09.18;100100;100155;97960;98090;3440944;13070711;5
2020.09.21;96720;97370;95820;96940;3755998;12982175;5
2020.09.22;96940;97775;96405;96975;3651328;12864326;5
2020.09.23;97500;97520;95505;95610;3691386;13512361;5
2020.09.24;95400;98080;95300;96980;3700574;13338036;5
2020.09.25;96505;97175;95550;97085;3116503;11995055;5
2020.09.28;98300;98450;94310;94500;3837329;14496498;5
2020.09.29;94615;95520;93220;93465;4167934;15215260;5
2020.09.30;93400;95390;93140;95075;4152087;14268134;5
2020.10.01;95370;95590;93535;95235;3914811;14100737;5
2020.10.02;94500;96040;93120;93300;3853441;13462384;5
2020.10.05;94155;96465;93660;95900;3599535;13163953;5
2020.10.06;96725;97480;95125;95505;4284063;15652472;5
2020.10.07;96240;96435;94760;95790;3842671;14551857;5
2020.10.08;96175;98070;95535;97655;3461569;12557217;5
2020.10.09;97905;98700;97095;97650;3349906;12396421;5
2020.10.13;98180;99050;97210;98080;3674245;14624362;5
2020.10.14;98190;99875;98140;99250;3010646;11129361;5
2020.10.15;98175;99730;97910;99045;3285155;12417593;5
2020.10.16;99340;99435;98280;98700;3214746;12868460;5
2020.10.19;99150;100170;98570;98940;3194968;12871081;5
2020.10.20;99200;100970;99120;100930;3230176;12894073;5
2020.10.21;100500;101875;100280;100710;3480858;13984220;5
2020.10.22;100660;102445;100565;102375;3161866;13173842;5
2020.10.23;102420;102480;101275;101630;2866189;12074176;5
2020.10.26;100845;101970;99940;101355;3127230;13575104;5
2020.10.27;101890;101940;98770;98850;3171418;12470219;5
2020.10.28;98300;98375;95130;95130;4136485;16471100;5
2020.10.29;95235;96895;93555;95765;4584308;17784924;5
2020.10.30;95505;96340;93630;94535;4768849;17825592;5
2020.11.03;96090;96535;95135;95750;4334247;16015680;5
2020.11.04;96155;98470;96155;98390;4217665;16277468;5
2020.11.05;99285;101120;99150;101080;4111266;15979754;5
2020.11.06;100395;101275;99990;101035;3651476;14227438;5
2020.11.09;104115;105355;103250;103250;4435905;16692161;5
2020.11.10;103500;105940;103390;104885;4291293;17472563;5
2020.11.11;105410;105565;104245;105135;3986214;15929994;5
2020.11.12;104855;105250;102145;102900;3912972;15108671;5
2020.11.13;103355;105200;103075;104975;3584020;14050590;5
2020.11.16;106250;106880;105275;106880;3777798;14659233;5
2020.11.17;106250;107935;105915;107500;3717984;14497550;5
2020.11.18;107885;107920;105900;105900;3946998;15904966;5
2020.11.19;105850;107140;105580;106550;3863617;14585566;5
2020.11.20;106845;107115;105705;106200;3322412;12744864;5
2020.11.23;106935;107610;106630;107450;3508594;13659419;5
2020.11.24;108115;110325;107575;110190;3214901;12823173;5
2020.11.25;109550;110715;109300;110060;3610240;13954088;5
2020.11.26;109915;110400;109405;110325;2276736;8057567;5
2020.11.27;110485;111680;110325;110390;2625287;10065517;5
2020.11.30;110075;111065;108830;109495;3454255;13076033;5
2020.12.01;110690;111965;110325;111400;3229466;13581186;5
2020.12.02;111350;112355;110625;111905;3567601;15064119;5
2020.12.03;111805;113440;111750;112450;3736226;14795543;5
2020.12.04;112975;113940;112875;113525;3118817;12527375;5
2020.12.07;113090;114575;112505;113750;3344479;14043464;5
2020.12.08;113120;114385;112750;113750;3765595;14422094;5
2020.12.09;114040;114190;112455;112990;3817013;15949009;5
2020.12.10;113200;115350;112625;115350;3427294;14009262;5
2020.12.11;114350;115550;113915;115180;3471069;13667485;5
2020.12.14;115665;115950;114285;114320;3679146;14639955;5
2020.12.15;114900;116390;114830;116300;3020246;12121188;5
2020.12.16;116590;118340;115655;117870;3082516;13092704;5
2020.12.17;118075;119290;117890;118830;3158180;12978170;5
2020.12.18;118115;119645;117730;118040;3356390;14385870;5
2020.12.21;115815;117290;115085;115900;4038788;16223726;5
2020.12.22;116300;117135;115750;117040;3397789;13800566;5
2020.12.23;117305;118560;117055;117870;2696997;11198220;5
2020.12.28;118500;119615;118330;119550;2322124;9607149;5
2020.12.29;119800;120045;118870;119580;2669247;11429387;5
2020.12.30;119870;120380;119005;119175;2454994;10336680;5
